processes,kosaraju_time,comm_time,elapsed
0,0.071273,0,0.071273
0,0.071144,0,0.071144
0,0.071208,0,0.071208
0,0.071669,0,0.071669
0,0.071622,0,0.071622
