processes,kosaraju_time,comm_time,elapsed
1,0.189689,0.000000,0.189689
1,0.188400,0.000000,0.188400
1,0.187583,0.000000,0.187583
1,0.189037,0.000000,0.189037
1,0.188882,0.000000,0.188882
