processes,kosaraju_time,comm_time,elapsed
1,0.190216,0.000000,0.190216
1,0.189376,0.000000,0.189376
1,0.191584,0.000000,0.191584
1,0.188151,0.000000,0.188151
1,0.189109,0.000000,0.189109
