processes,kosaraju_time,comm_time,elapsed
0,0.178488,0,0.178488
0,0.178685,0,0.178685
0,0.179127,0,0.179127
0,0.179062,0,0.179062
0,0.179544,0,0.179544
