processes,tarjan_time,comm_time,elapsed
0,0.006256,0,0.006256
0,0.006228,0,0.006228
0,0.006226,0,0.006226
0,0.006255,0,0.006255
0,0.006243,0,0.006243
