processes,kosaraju_time,comm_time,elapsed
0,0.010649,0,0.010649
0,0.010597,0,0.010597
0,0.010632,0,0.010632
0,0.010542,0,0.010542
0,0.010586,0,0.010586
