processes,tarjan_time,comm_time,elapsed
2,1.230738,1.850805,3.081543
2,1.228907,1.849864,3.078771
