processes,tarjan_time,comm_time,elapsed
2,1.229360,1.855875,3.085235
2,1.228790,1.850484,3.079275
