processes,tarjan_time,comm_time,elapsed
1,3.095735,0.000000,3.095735
1,3.095339,0.000000,3.095339
