processes,tarjan_time,comm_time,elapsed
4,0.618641,5.119765,5.738407
4,0.636291,4.786466,5.422757
