processes,tarjan_time,comm_time,elapsed
4,0.623196,4.971144,5.594340
4,0.619225,4.668680,5.287905
