processes,tarjan_time,comm_time,elapsed
2,1.229377,1.864712,3.094089
2,1.229409,1.866516,3.095925
