processes,tarjan_time,comm_time,elapsed
1,3.096025,0.000000,3.096025
1,3.098205,0.000000,3.098205
