processes,tarjan_time,comm_time,elapsed
1,3.097453,0.000000,3.097453
1,3.095902,0.000000,3.095902
