processes,tarjan_time,comm_time,elapsed
2,1.228850,1.872500,3.101350
2,1.228578,2.023327,3.251904
