processes,tarjan_time,comm_time,elapsed
4,0.625345,4.879082,5.504428
4,0.623746,4.886881,5.510627
