processes,tarjan_time,comm_time,elapsed
1,3.095069,0.000000,3.095069
1,3.095151,0.000000,3.095151
