processes,tarjan_time,comm_time,elapsed
4,1.128649,6.284748,7.413397
4,0.616928,6.279297,6.896225
