processes,tarjan_time,comm_time,elapsed
0,0.000096,0,0.000096
0,0.000096,0,0.000096
0,0.000096,0,0.000096
0,0.000096,0,0.000096
0,0.000094,0,0.000094
