processes,kosaraju_time,comm_time,elapsed
0,0.614705,0,0.614705
0,0.616678,0,0.616678
0,0.614251,0,0.614251
0,0.612915,0,0.612915
0,0.612877,0,0.612877
