processes,kosaraju_time,comm_time,elapsed
1,0.611865,0.000000,0.611865
1,0.609341,0.000000,0.609341
1,0.609618,0.000000,0.609618
1,0.609945,0.000000,0.609945
1,0.610378,0.000000,0.610378
