processes,tarjan_time,comm_time,elapsed
0,0.837032,0,0.837032
0,0.834029,0,0.834029
0,0.834968,0,0.834968
0,0.844823,0,0.844823
0,0.838406,0,0.838406
