processes,kosaraju_time,comm_time,elapsed
2,2.789971,0.660580,3.450551
2,2.782873,0.658199,3.441072
