processes,kosaraju_time,comm_time,elapsed
4,2.417908,1.694712,4.112621
4,2.289910,1.668759,3.958669
