processes,kosaraju_time,comm_time,elapsed
1,5.161982,0.000000,5.161982
1,5.161466,0.000000,5.161466
