processes,kosaraju_time,comm_time,elapsed
4,2.420466,1.658416,4.078882
4,2.461137,1.663301,4.124437
