processes,kosaraju_time,comm_time,elapsed
2,2.784961,0.656470,3.441431
2,2.771610,0.644070,3.415681
