processes,kosaraju_time,comm_time,elapsed
4,2.404124,1.997533,4.401657
4,1.923393,1.544810,3.468203
