processes,kosaraju_time,comm_time,elapsed
1,5.172652,0.000000,5.172652
1,5.185383,0.000000,5.185383
