processes,kosaraju_time,comm_time,elapsed
2,2.791292,0.668336,3.459629
2,2.782654,0.656432,3.439086
