processes,kosaraju_time,comm_time,elapsed
4,1.879637,2.042014,3.921651
4,2.274845,2.046598,4.321444
