processes,kosaraju_time,comm_time,elapsed
1,5.181150,0.000000,5.181150
1,5.174345,0.000000,5.174345
