processes,kosaraju_time,comm_time,elapsed
2,2.775217,0.657846,3.433063
2,2.774118,0.691637,3.465755
