processes,kosaraju_time,comm_time,elapsed
1,5.156796,0.000000,5.156796
1,5.172657,0.000000,5.172657
