processes,kosaraju_time,comm_time,elapsed
1,49.130588,0.000000,49.130588
1,49.055436,0.000000,49.055436
1,48.992395,0.000000,48.992395
1,49.087856,0.000000,49.087856
1,48.923714,0.000000,48.923714
