processes,kosaraju_time,comm_time,elapsed
0,47.153014,0,47.153014
0,46.997718,0,46.997718
0,47.201346,0,47.201346
0,46.918409,0,46.918409
0,47.050712,0,47.050712
