processes,tarjan_time,comm_time,elapsed
0,5.163755,0,5.163755
0,5.252984,0,5.252984
0,5.220618,0,5.220618
0,5.273098,0,5.273098
0,5.230174,0,5.230174
