processes,kosaraju_time,comm_time,elapsed
1,9.719861,0.000000,9.719861
1,9.710157,0.000000,9.710157
