processes,kosaraju_time,comm_time,elapsed
4,4.348615,2.717577,7.066193
4,4.238948,2.904407,7.143355
