processes,kosaraju_time,comm_time,elapsed
1,9.698616,0.000000,9.698616
1,9.682494,0.000000,9.682494
