processes,kosaraju_time,comm_time,elapsed
2,5.424974,1.079403,6.504377
2,5.435586,1.055598,6.491184
