processes,kosaraju_time,comm_time,elapsed
1,9.771225,0.000000,9.771225
1,9.690680,0.000000,9.690680
