processes,kosaraju_time,comm_time,elapsed
4,4.758274,2.744998,7.503272
4,4.411792,3.002126,7.413918
