processes,kosaraju_time,comm_time,elapsed
2,5.422120,1.051551,6.473670
2,5.431795,1.054934,6.486730
