processes,kosaraju_time,comm_time,elapsed
1,9.714567,0.000000,9.714567
1,9.702778,0.000000,9.702778
