processes,kosaraju_time,comm_time,elapsed
4,3.907401,2.799834,6.707236
4,4.316189,3.244897,7.561087
