processes,kosaraju_time,comm_time,elapsed
4,4.456009,3.590844,8.046853
4,4.203588,3.575586,7.779174
