processes,kosaraju_time,comm_time,elapsed
2,5.402135,1.066869,6.469005
2,5.430245,1.059701,6.489946
