processes,kosaraju_time,comm_time,elapsed
2,5.390318,1.064091,6.454410
2,5.443383,1.061226,6.504609
