processes,tarjan_time,comm_time,elapsed
1,0.018866,0.000000,0.018866
1,0.019095,0.000000,0.019095
