processes,tarjan_time,comm_time,elapsed
1,0.018852,0.000000,0.018852
1,0.018929,0.000000,0.018929
