processes,tarjan_time,comm_time,elapsed
4,0.007439,0.089653,0.097092
4,0.007414,0.115753,0.123167
