processes,tarjan_time,comm_time,elapsed
2,0.007021,0.024727,0.031749
2,0.007093,0.024696,0.031789
