processes,tarjan_time,comm_time,elapsed
1,0.018836,0.000000,0.018836
1,0.018803,0.000000,0.018803
