processes,tarjan_time,comm_time,elapsed
4,0.003653,0.058604,0.062257
4,0.003923,0.059094,0.063017
