processes,tarjan_time,comm_time,elapsed
4,0.007250,0.141313,0.148563
4,0.007314,0.152174,0.159488
