processes,tarjan_time,comm_time,elapsed
4,0.003648,0.066195,0.069843
4,0.007366,0.109477,0.116844
