processes,tarjan_time,comm_time,elapsed
2,0.007030,0.024477,0.031508
2,0.007058,0.024457,0.031516
