processes,tarjan_time,comm_time,elapsed
1,0.018833,0.000000,0.018833
1,0.019469,0.000000,0.019469
