processes,tarjan_time,comm_time,elapsed
1,0.006681,0.000000,0.006681
1,0.006734,0.000000,0.006734
1,0.007010,0.000000,0.007010
1,0.006705,0.000000,0.006705
1,0.006628,0.000000,0.006628
