processes,tarjan_time,comm_time,elapsed
0,0.006321,0,0.006321
0,0.006253,0,0.006253
0,0.006253,0,0.006253
0,0.006243,0,0.006243
0,0.006300,0,0.006300
