processes,tarjan_time,comm_time,elapsed
0,0.842867,0,0.842867
0,0.836156,0,0.836156
0,0.858159,0,0.858159
0,0.832186,0,0.832186
0,0.843967,0,0.843967
