processes,kosaraju_time,comm_time,elapsed
0,0.129473,0,0.129473
0,0.129164,0,0.129164
0,0.129457,0,0.129457
0,0.129542,0,0.129542
0,0.129849,0,0.129849
