processes,kosaraju_time,comm_time,elapsed
1,0.016754,0.000000,0.016754
1,0.016646,0.000000,0.016646
1,0.016711,0.000000,0.016711
1,0.016759,0.000000,0.016759
1,0.016609,0.000000,0.016609
