processes,kosaraju_time,comm_time,elapsed
0,0.015652,0,0.015652
0,0.015709,0,0.015709
0,0.015693,0,0.015693
0,0.015656,0,0.015656
0,0.015721,0,0.015721
