processes,kosaraju_time,comm_time,elapsed
1,0.016683,0.000000,0.016683
1,0.016867,0.000000,0.016867
1,0.016756,0.000000,0.016756
1,0.017318,0.000000,0.017318
1,0.016707,0.000000,0.016707
