processes,kosaraju_time,comm_time,elapsed
1,2.812963,0.000000,2.812963
1,2.817853,0.000000,2.817853
