processes,kosaraju_time,comm_time,elapsed
2,1.489460,0.417976,1.907436
2,1.492162,0.418597,1.910759
