processes,kosaraju_time,comm_time,elapsed
4,1.317127,1.317511,2.634638
4,0.976355,0.786797,1.763152
