processes,kosaraju_time,comm_time,elapsed
1,2.809310,0.000000,2.809310
1,2.812059,0.000000,2.812059
