processes,kosaraju_time,comm_time,elapsed
2,1.494804,0.419073,1.913877
2,1.491477,0.422169,1.913645
