processes,kosaraju_time,comm_time,elapsed
1,3.247524,0.000000,3.247524
1,2.811625,0.000000,2.811625
