processes,kosaraju_time,comm_time,elapsed
4,0.962503,1.087663,2.050166
4,1.328935,1.113033,2.441967
