processes,kosaraju_time,comm_time,elapsed
1,2.811564,0.000000,2.811564
1,2.811151,0.000000,2.811151
