processes,kosaraju_time,comm_time,elapsed
4,1.537445,1.067803,2.605247
4,0.971807,1.072577,2.044384
