processes,kosaraju_time,comm_time,elapsed
2,1.491937,0.416575,1.908512
2,1.491984,0.417259,1.909243
