processes,kosaraju_time,comm_time,elapsed
2,1.491278,0.415247,1.906525
2,1.490805,0.417140,1.907945
