processes,kosaraju_time,comm_time,elapsed
4,1.394151,0.938115,2.332266
4,0.979418,0.893938,1.873356
