processes,kosaraju_time,comm_time,elapsed
2,0.074734,0.041447,0.116182
2,0.074776,0.041125,0.115900
