processes,kosaraju_time,comm_time,elapsed
2,0.074656,0.040075,0.114731
2,0.074180,0.040512,0.114692
