processes,kosaraju_time,comm_time,elapsed
4,0.086471,0.178415,0.264885
4,0.085295,0.169701,0.254996
