processes,kosaraju_time,comm_time,elapsed
4,0.086235,0.200478,0.286714
4,0.044295,0.117722,0.162017
