processes,kosaraju_time,comm_time,elapsed
1,0.151041,0.000000,0.151041
1,0.150463,0.000000,0.150463
