processes,kosaraju_time,comm_time,elapsed
4,0.085248,0.175018,0.260267
4,0.046595,0.176188,0.222783
