processes,kosaraju_time,comm_time,elapsed
4,0.043775,0.094617,0.138392
4,0.085603,0.189072,0.274674
