processes,kosaraju_time,comm_time,elapsed
2,0.074265,0.039474,0.113739
2,0.075722,0.039737,0.115458
