processes,kosaraju_time,comm_time,elapsed
1,0.151472,0.000000,0.151472
1,0.153306,0.000000,0.153306
