processes,kosaraju_time,comm_time,elapsed
1,0.153085,0.000000,0.153085
1,0.151138,0.000000,0.151138
