processes,kosaraju_time,comm_time,elapsed
2,0.074745,0.041280,0.116025
2,0.074275,0.041327,0.115602
