processes,kosaraju_time,comm_time,elapsed
1,0.151731,0.000000,0.151731
1,0.151631,0.000000,0.151631
