processes,tarjan_time,comm_time,elapsed
0,0.001964,0,0.001964
0,0.001932,0,0.001932
0,0.001962,0,0.001962
0,0.001951,0,0.001951
0,0.001960,0,0.001960
