processes,tarjan_time,comm_time,elapsed
2,0.002565,0.010003,0.012568
2,0.002584,0.010032,0.012616
