processes,tarjan_time,comm_time,elapsed
1,0.006654,0.000000,0.006654
1,0.006718,0.000000,0.006718
