processes,tarjan_time,comm_time,elapsed
2,0.002686,0.008967,0.011652
2,0.002588,0.009182,0.011770
