processes,tarjan_time,comm_time,elapsed
4,0.003612,0.066980,0.070592
4,0.003417,0.078087,0.081503
