processes,tarjan_time,comm_time,elapsed
2,0.002568,0.010825,0.013393
2,0.002563,0.010770,0.013333
