processes,tarjan_time,comm_time,elapsed
1,0.006709,0.000000,0.006709
1,0.006777,0.000000,0.006777
