processes,tarjan_time,comm_time,elapsed
4,0.003535,0.033927,0.037462
4,0.003419,0.033546,0.036965
