processes,tarjan_time,comm_time,elapsed
1,0.006633,0.000000,0.006633
1,0.006630,0.000000,0.006630
