processes,tarjan_time,comm_time,elapsed
1,0.006694,0.000000,0.006694
1,0.006736,0.000000,0.006736
