processes,tarjan_time,comm_time,elapsed
4,0.003506,0.034537,0.038043
4,0.001730,0.031309,0.033039
