processes,tarjan_time,comm_time,elapsed
4,0.003518,0.062411,0.065930
4,0.001749,0.031102,0.032851
