processes,kosaraju_time,comm_time,elapsed
0,0.025309,0,0.025309
0,0.025797,0,0.025797
0,0.025521,0,0.025521
0,0.025495,0,0.025495
0,0.025996,0,0.025996
