processes,kosaraju_time,comm_time,elapsed
4,0.001663,0.062814,0.064477
4,0.000845,0.038403,0.039248
