processes,kosaraju_time,comm_time,elapsed
2,0.002640,0.004812,0.007451
2,0.002639,0.004957,0.007596
