processes,kosaraju_time,comm_time,elapsed
4,0.001658,0.024156,0.025814
4,0.001657,0.020123,0.021780
