processes,kosaraju_time,comm_time,elapsed
2,0.002638,0.002178,0.004816
2,0.002635,0.002316,0.004952
