processes,kosaraju_time,comm_time,elapsed
1,0.002627,0.000000,0.002627
1,0.002611,0.000000,0.002611
