processes,kosaraju_time,comm_time,elapsed
2,0.001317,0.001495,0.002812
2,0.001313,0.001545,0.002859
