processes,kosaraju_time,comm_time,elapsed
4,0.000823,0.002878,0.003701
4,0.001653,0.005345,0.006998
