processes,kosaraju_time,comm_time,elapsed
2,0.002701,0.003419,0.006121
2,0.002638,0.003452,0.006090
