processes,kosaraju_time,comm_time,elapsed
4,0.001658,0.023642,0.025300
4,0.001705,0.005329,0.007033
