processes,kosaraju_time,comm_time,elapsed
1,0.005228,0.000000,0.005228
1,0.005210,0.000000,0.005210
