processes,kosaraju_time,comm_time,elapsed
1,0.005326,0.000000,0.005326
1,0.002597,0.000000,0.002597
