processes,kosaraju_time,comm_time,elapsed
1,0.002609,0.000000,0.002609
1,0.002643,0.000000,0.002643
