processes,kosaraju_time,comm_time,elapsed
4,0.001035,0.028620,0.029656
4,0.001039,0.028738,0.029776
