processes,kosaraju_time,comm_time,elapsed
1,0.000930,0.000000,0.000930
1,0.001007,0.000000,0.001007
