processes,kosaraju_time,comm_time,elapsed
1,0.000931,0.000000,0.000931
1,0.000985,0.000000,0.000985
