processes,kosaraju_time,comm_time,elapsed
1,0.000975,0.000000,0.000975
1,0.000931,0.000000,0.000931
