processes,kosaraju_time,comm_time,elapsed
2,0.000590,0.002040,0.002630
2,0.000592,0.002117,0.002710
