processes,kosaraju_time,comm_time,elapsed
4,0.000522,0.002435,0.002957
4,0.001041,0.012587,0.013628
