processes,kosaraju_time,comm_time,elapsed
2,0.000589,0.001428,0.002016
2,0.000591,0.001377,0.001969
