processes,kosaraju_time,comm_time,elapsed
2,0.000582,0.000480,0.001062
2,0.000583,0.000482,0.001065
