processes,kosaraju_time,comm_time,elapsed
2,0.000631,0.000959,0.001589
2,0.000585,0.000985,0.001569
