processes,kosaraju_time,comm_time,elapsed
1,0.001855,0.000000,0.001855
1,0.000933,0.000000,0.000933
