processes,kosaraju_time,comm_time,elapsed
4,0.001030,0.058724,0.059754
4,0.001034,0.061857,0.062890
