processes,kosaraju_time,comm_time,elapsed
4,0.000534,0.000730,0.001264
4,0.000515,0.000996,0.001511
