processes,tarjan_time,comm_time,elapsed
0,0.040992,0,0.040992
0,0.041179,0,0.041179
0,0.041232,0,0.041232
0,0.040995,0,0.040995
0,0.041470,0,0.041470
