processes,kosaraju_time,comm_time,elapsed
0,1.119810,0,1.119810
0,1.121343,0,1.121343
0,1.121234,0,1.121234
0,1.120130,0,1.120130
0,1.119523,0,1.119523
