processes,kosaraju_time,comm_time,elapsed
2,0.636078,0.217132,0.853210
2,0.638576,0.217580,0.856156
