processes,kosaraju_time,comm_time,elapsed
4,0.405280,0.459689,0.864968
4,0.682015,0.969149,1.651164
