processes,kosaraju_time,comm_time,elapsed
1,1.260514,0.000000,1.260514
1,1.262344,0.000000,1.262344
