processes,kosaraju_time,comm_time,elapsed
4,0.696006,1.065508,1.761513
4,0.399829,0.549628,0.949457
