processes,kosaraju_time,comm_time,elapsed
4,0.398313,0.480476,0.878789
4,0.392273,0.473215,0.865488
