processes,kosaraju_time,comm_time,elapsed
4,0.703158,0.654566,1.357724
4,0.400311,0.462155,0.862467
