processes,kosaraju_time,comm_time,elapsed
2,0.640284,0.215857,0.856142
2,0.638638,0.218640,0.857278
