processes,kosaraju_time,comm_time,elapsed
2,0.639052,0.221247,0.860298
2,0.638916,0.221083,0.860000
