processes,kosaraju_time,comm_time,elapsed
2,0.639872,0.217616,0.857488
2,1.141562,0.275559,1.417121
