processes,kosaraju_time,comm_time,elapsed
1,1.259928,0.000000,1.259928
1,1.270738,0.000000,1.270738
