processes,kosaraju_time,comm_time,elapsed
1,1.262440,0.000000,1.262440
1,1.261456,0.000000,1.261456
