processes,kosaraju_time,comm_time,elapsed
1,1.258857,0.000000,1.258857
1,1.260772,0.000000,1.260772
