processes,kosaraju_time,comm_time,elapsed
2,0.229479,0.098091,0.327570
2,0.230934,0.102894,0.333828
