processes,kosaraju_time,comm_time,elapsed
1,0.461700,0.000000,0.461700
1,0.466227,0.000000,0.466227
