processes,kosaraju_time,comm_time,elapsed
2,0.231154,0.097447,0.328601
2,0.229385,0.101233,0.330618
