processes,kosaraju_time,comm_time,elapsed
1,0.460748,0.000000,0.460748
1,0.460007,0.000000,0.460007
