processes,kosaraju_time,comm_time,elapsed
1,0.884236,0.000000,0.884236
1,0.465473,0.000000,0.465473
