processes,kosaraju_time,comm_time,elapsed
4,0.134156,0.246091,0.380247
4,0.137617,0.245824,0.383441
