processes,kosaraju_time,comm_time,elapsed
2,0.227852,0.096878,0.324729
2,0.229243,0.096929,0.326172
