processes,kosaraju_time,comm_time,elapsed
1,0.469003,0.000000,0.469003
1,0.466243,0.000000,0.466243
