processes,kosaraju_time,comm_time,elapsed
4,0.135783,0.206703,0.342486
4,0.247646,0.428418,0.676065
