processes,kosaraju_time,comm_time,elapsed
4,0.135396,0.205967,0.341363
4,0.134014,0.201657,0.335670
