processes,kosaraju_time,comm_time,elapsed
4,0.260316,0.473314,0.733630
4,0.245533,0.302124,0.547657
