processes,kosaraju_time,comm_time,elapsed
2,0.230060,0.095833,0.325894
2,0.228540,0.100651,0.329191
