processes,tarjan_time,comm_time,elapsed
2,0.002740,0.009843,0.012584
2,0.002715,0.009802,0.012517
