processes,tarjan_time,comm_time,elapsed
1,0.013484,0.000000,0.013484
1,0.013523,0.000000,0.013523
