processes,tarjan_time,comm_time,elapsed
1,0.006962,0.000000,0.006962
1,0.006686,0.000000,0.006686
