processes,tarjan_time,comm_time,elapsed
1,0.006821,0.000000,0.006821
1,0.008989,0.000000,0.008989
