processes,tarjan_time,comm_time,elapsed
2,0.002752,0.010263,0.013014
2,0.002708,0.010322,0.013030
