processes,tarjan_time,comm_time,elapsed
1,0.013443,0.000000,0.013443
1,0.006748,0.000000,0.006748
