processes,tarjan_time,comm_time,elapsed
2,0.002777,0.011154,0.013931
2,0.002720,0.011048,0.013768
