processes,tarjan_time,comm_time,elapsed
2,0.002713,0.009323,0.012035
2,0.002704,0.009330,0.012035
