processes,tarjan_time,comm_time,elapsed
4,0.003668,0.027251,0.030920
4,0.003682,0.034544,0.038226
