processes,tarjan_time,comm_time,elapsed
4,0.001855,0.020399,0.022254
4,0.003644,0.040883,0.044527
