processes,tarjan_time,comm_time,elapsed
4,0.003623,0.066727,0.070349
4,0.003650,0.066566,0.070216
