processes,kosaraju_time,comm_time,elapsed
0,0.028264,0,0.028264
0,0.028538,0,0.028538
0,0.028674,0,0.028674
0,0.028540,0,0.028540
0,0.028546,0,0.028546
