processes,kosaraju_time,comm_time,elapsed
1,0.017410,0.000000,0.017410
1,0.017543,0.000000,0.017543
1,0.017191,0.000000,0.017191
1,0.017155,0.000000,0.017155
1,0.017457,0.000000,0.017457
