processes,kosaraju_time,comm_time,elapsed
0,0.017142,0,0.017142
0,0.017154,0,0.017154
0,0.017177,0,0.017177
0,0.016876,0,0.016876
0,0.017206,0,0.017206
