processes,kosaraju_time,comm_time,elapsed
1,30.544625,0.000000,30.544625
1,30.703936,0.000000,30.703936
1,30.501923,0.000000,30.501923
1,30.635855,0.000000,30.635855
1,30.594148,0.000000,30.594148
