processes,kosaraju_time,comm_time,elapsed
0,29.778739,0,29.778739
0,29.829468,0,29.829468
0,29.805625,0,29.805625
0,29.788937,0,29.788937
0,29.827041,0,29.827041
