processes,kosaraju_time,comm_time,elapsed
1,30.725253,0.000000,30.725253
1,30.748580,0.000000,30.748580
1,30.607709,0.000000,30.607709
1,30.437366,0.000000,30.437366
1,30.495240,0.000000,30.495240
