processes,tarjan_time,comm_time,elapsed
1,0.000846,0.000000,0.000846
1,0.000817,0.000000,0.000817
