processes,tarjan_time,comm_time,elapsed
4,0.000842,0.020285,0.021126
4,0.000870,0.023700,0.024569
