processes,tarjan_time,comm_time,elapsed
2,0.000459,0.001423,0.001882
2,0.000447,0.001377,0.001824
