processes,tarjan_time,comm_time,elapsed
1,0.001226,0.000000,0.001226
1,0.000818,0.000000,0.000818
