processes,tarjan_time,comm_time,elapsed
2,0.000453,0.001781,0.002233
2,0.000455,0.001851,0.002306
