processes,tarjan_time,comm_time,elapsed
2,0.000455,0.000856,0.001311
2,0.000524,0.000889,0.001413
