processes,tarjan_time,comm_time,elapsed
2,0.000456,0.002458,0.002914
2,0.000459,0.002467,0.002926
