processes,tarjan_time,comm_time,elapsed
4,0.000863,0.030712,0.031575
4,0.000435,0.031326,0.031761
