processes,tarjan_time,comm_time,elapsed
4,0.000422,0.001879,0.002301
4,0.000876,0.002942,0.003819
