processes,tarjan_time,comm_time,elapsed
4,0.000873,0.029172,0.030046
4,0.000850,0.015536,0.016386
