processes,tarjan_time,comm_time,elapsed
0,0.005787,0,0.005787
0,0.005792,0,0.005792
0,0.005831,0,0.005831
0,0.005838,0,0.005838
0,0.005742,0,0.005742
