processes,tarjan_time,comm_time,elapsed
1,0.006253,0.000000,0.006253
1,0.006203,0.000000,0.006203
1,0.006293,0.000000,0.006293
1,0.006352,0.000000,0.006352
1,0.006326,0.000000,0.006326
