processes,kosaraju_time,comm_time,elapsed
0,1.867131,0,1.867131
0,1.868949,0,1.868949
0,1.871059,0,1.871059
0,1.868343,0,1.868343
0,1.871204,0,1.871204
