processes,tarjan_time,comm_time,elapsed
4,0.034260,0.301244,0.335504
4,0.050037,0.659641,0.709678
