processes,tarjan_time,comm_time,elapsed
2,0.049270,0.156389,0.205659
2,0.049189,0.156381,0.205570
