processes,tarjan_time,comm_time,elapsed
1,0.140592,0.000000,0.140592
1,0.140480,0.000000,0.140480
