processes,tarjan_time,comm_time,elapsed
1,0.141737,0.000000,0.141737
1,0.140670,0.000000,0.140670
