processes,tarjan_time,comm_time,elapsed
2,0.049215,0.158376,0.207590
2,0.050141,0.157786,0.207928
