processes,tarjan_time,comm_time,elapsed
2,0.049096,0.171686,0.220781
2,0.049340,0.157467,0.206806
