processes,tarjan_time,comm_time,elapsed
1,0.140533,0.000000,0.140533
1,0.140587,0.000000,0.140587
