processes,tarjan_time,comm_time,elapsed
4,0.049779,0.644104,0.693883
4,0.049855,0.641890,0.691745
