processes,tarjan_time,comm_time,elapsed
2,0.049293,0.157055,0.206348
2,0.049233,0.158114,0.207347
