processes,tarjan_time,comm_time,elapsed
4,0.024832,0.409312,0.434144
4,0.024857,0.411962,0.436819
