processes,tarjan_time,comm_time,elapsed
1,0.140711,0.000000,0.140711
1,0.141008,0.000000,0.141008
