processes,tarjan_time,comm_time,elapsed
1,0.083663,0.000000,0.083663
1,0.083783,0.000000,0.083783
