processes,tarjan_time,comm_time,elapsed
1,0.083691,0.000000,0.083691
1,0.083711,0.000000,0.083711
