processes,tarjan_time,comm_time,elapsed
2,0.033261,0.069512,0.102773
2,0.033261,0.069420,0.102681
