processes,tarjan_time,comm_time,elapsed
2,0.033259,0.068096,0.101355
2,0.033272,0.069031,0.102302
