processes,tarjan_time,comm_time,elapsed
1,0.083803,0.000000,0.083803
1,0.083706,0.000000,0.083706
