processes,tarjan_time,comm_time,elapsed
2,0.033250,0.068654,0.101904
2,0.033355,0.068719,0.102074
