processes,tarjan_time,comm_time,elapsed
2,0.033431,0.067796,0.101226
2,0.033250,0.067144,0.100394
