processes,tarjan_time,comm_time,elapsed
1,0.083750,0.000000,0.083750
1,0.083681,0.000000,0.083681
