processes,tarjan_time,comm_time,elapsed
4,0.021595,0.179826,0.201421
4,0.042752,0.350921,0.393673
