processes,tarjan_time,comm_time,elapsed
4,0.021548,0.158058,0.179606
4,0.021533,0.158982,0.180515
