processes,tarjan_time,comm_time,elapsed
4,0.042759,0.274300,0.317059
4,0.043321,0.276255,0.319576
