processes,tarjan_time,comm_time,elapsed
0,0.028193,0,0.028193
0,0.028249,0,0.028249
0,0.028807,0,0.028807
0,0.028097,0,0.028097
0,0.028948,0,0.028948
