processes,tarjan_time,comm_time,elapsed
0,0.083544,0,0.083544
0,0.083551,0,0.083551
0,0.083477,0,0.083477
0,0.083516,0,0.083516
0,0.083294,0,0.083294
