processes,kosaraju_time,comm_time,elapsed
0,51.497492,0,51.497492
0,51.703392,0,51.703392
0,52.035742,0,52.035742
0,51.504334,0,51.504334
0,51.606564,0,51.606564
