processes,tarjan_time,comm_time,elapsed
4,0.113014,2.014341,2.127355
4,0.201450,2.341720,2.543169
