processes,tarjan_time,comm_time,elapsed
1,0.671363,0.000000,0.671363
1,0.672070,0.000000,0.672070
