processes,tarjan_time,comm_time,elapsed
4,0.203158,1.963042,2.166199
4,0.242632,2.203556,2.446188
