processes,tarjan_time,comm_time,elapsed
2,0.237632,0.633490,0.871123
2,0.237819,0.633262,0.871081
