processes,tarjan_time,comm_time,elapsed
2,0.237676,0.635094,0.872770
2,0.237359,0.633017,0.870376
