processes,tarjan_time,comm_time,elapsed
4,0.216466,2.109261,2.325727
4,0.209528,1.894382,2.103910
