processes,tarjan_time,comm_time,elapsed
1,0.671115,0.000000,0.671115
1,0.672035,0.000000,0.672035
