processes,tarjan_time,comm_time,elapsed
1,0.671908,0.000000,0.671908
1,0.672390,0.000000,0.672390
