processes,tarjan_time,comm_time,elapsed
1,0.671468,0.000000,0.671468
1,0.671926,0.000000,0.671926
