processes,tarjan_time,comm_time,elapsed
2,0.237487,0.686199,0.923686
2,0.239384,0.632959,0.872342
