processes,tarjan_time,comm_time,elapsed
4,0.121766,1.512335,1.634101
4,0.221806,2.202562,2.424368
