processes,tarjan_time,comm_time,elapsed
2,0.238066,0.628636,0.866702
2,0.237245,0.629638,0.866883
