processes,tarjan_time,comm_time,elapsed
2,0.020808,0.071693,0.092501
2,0.020863,0.076270,0.097134
