processes,tarjan_time,comm_time,elapsed
1,0.029692,0.000000,0.029692
1,0.029609,0.000000,0.029609
