processes,tarjan_time,comm_time,elapsed
4,0.006838,0.080524,0.087362
4,0.013657,0.159947,0.173603
