processes,tarjan_time,comm_time,elapsed
4,0.006982,0.101070,0.108052
4,0.013690,0.175586,0.189276
