processes,tarjan_time,comm_time,elapsed
4,0.013675,0.172066,0.185742
4,0.006916,0.083299,0.090215
