processes,tarjan_time,comm_time,elapsed
4,0.013631,0.124928,0.138559
4,0.013804,0.122149,0.135953
