processes,tarjan_time,comm_time,elapsed
2,0.010613,0.035312,0.045925
2,0.010463,0.036824,0.047287
