processes,tarjan_time,comm_time,elapsed
1,0.029633,0.000000,0.029633
1,0.029634,0.000000,0.029634
