processes,tarjan_time,comm_time,elapsed
1,0.029628,0.000000,0.029628
1,0.029743,0.000000,0.029743
