processes,tarjan_time,comm_time,elapsed
1,0.044145,0.000000,0.044145
1,0.029658,0.000000,0.029658
