processes,tarjan_time,comm_time,elapsed
2,0.010424,0.036459,0.046883
2,0.010466,0.034533,0.044999
