processes,tarjan_time,comm_time,elapsed
2,0.020791,0.073318,0.094108
2,0.010491,0.036722,0.047212
