processes,tarjan_time,comm_time,elapsed
0,0.129633,0,0.129633
0,0.128429,0,0.128429
0,0.129752,0,0.129752
0,0.129241,0,0.129241
0,0.129672,0,0.129672
