processes,tarjan_time,comm_time,elapsed
0,0.000879,0,0.000879
0,0.000904,0,0.000904
0,0.000889,0,0.000889
0,0.000867,0,0.000867
0,0.000916,0,0.000916
