processes,tarjan_time,comm_time,elapsed
0,6.645807,0,6.645807
0,6.551864,0,6.551864
0,6.567574,0,6.567574
0,6.609917,0,6.609917
0,6.584527,0,6.584527
