processes,kosaraju_time,comm_time,elapsed
1,15.843901,0.000000,15.843901
1,15.809018,0.000000,15.809018
1,15.862301,0.000000,15.862301
1,15.836862,0.000000,15.836862
1,15.764687,0.000000,15.764687
