processes,kosaraju_time,comm_time,elapsed
0,15.295432,0,15.295432
0,15.418126,0,15.418126
0,15.145027,0,15.145027
0,15.280884,0,15.280884
0,15.222924,0,15.222924
