processes,kosaraju_time,comm_time,elapsed
1,15.839569,0.000000,15.839569
1,15.750202,0.000000,15.750202
1,15.804861,0.000000,15.804861
1,15.771982,0.000000,15.771982
1,15.880325,0.000000,15.880325
