processes,tarjan_time,comm_time,elapsed
0,4.186568,0,4.186568
0,4.144379,0,4.144379
0,4.092078,0,4.092078
0,4.103632,0,4.103632
0,4.106921,0,4.106921
