processes,tarjan_time,comm_time,elapsed
0,0.059045,0,0.059045
0,0.059164,0,0.059164
0,0.061830,0,0.061830
0,0.058980,0,0.058980
0,0.059472,0,0.059472
