processes,tarjan_time,comm_time,elapsed
0,0.045813,0,0.045813
0,0.045172,0,0.045172
0,0.045534,0,0.045534
0,0.045505,0,0.045505
0,0.046001,0,0.046001
