processes,kosaraju_time,comm_time,elapsed
2,0.002264,0.002501,0.004765
2,0.002148,0.002539,0.004687
