processes,kosaraju_time,comm_time,elapsed
1,0.004384,0.000000,0.004384
1,0.004414,0.000000,0.004414
