processes,kosaraju_time,comm_time,elapsed
1,0.004421,0.000000,0.004421
1,0.004401,0.000000,0.004401
