processes,kosaraju_time,comm_time,elapsed
1,0.008854,0.000000,0.008854
1,0.004447,0.000000,0.004447
