processes,kosaraju_time,comm_time,elapsed
4,0.002586,0.049488,0.052074
4,0.001302,0.033937,0.035239
