processes,kosaraju_time,comm_time,elapsed
2,0.002147,0.003216,0.005364
2,0.002156,0.003306,0.005462
