processes,kosaraju_time,comm_time,elapsed
2,0.002147,0.002188,0.004334
2,0.002144,0.002134,0.004278
