processes,kosaraju_time,comm_time,elapsed
2,0.002142,0.001750,0.003892
2,0.002153,0.001855,0.004007
