processes,kosaraju_time,comm_time,elapsed
4,0.001306,0.004221,0.005527
4,0.002607,0.017908,0.020516
