processes,kosaraju_time,comm_time,elapsed
4,0.001308,0.003886,0.005195
4,0.002563,0.007621,0.010184
