processes,kosaraju_time,comm_time,elapsed
4,0.002592,0.030980,0.033572
4,0.002638,0.034779,0.037417
