processes,tarjan_time,comm_time,elapsed
0,2.671642,0,2.671642
0,2.678278,0,2.678278
0,2.661072,0,2.661072
0,2.714486,0,2.714486
0,2.648083,0,2.648083
