processes,kosaraju_time,comm_time,elapsed
0,0.372277,0,0.372277
0,0.372112,0,0.372112
0,0.371690,0,0.371690
0,0.372361,0,0.372361
0,0.371670,0,0.371670
