processes,tarjan_time,comm_time,elapsed
0,0.016998,0,0.016998
0,0.017029,0,0.017029
0,0.017037,0,0.017037
0,0.017176,0,0.017176
0,0.017064,0,0.017064
