processes,tarjan_time,comm_time,elapsed
1,0.018761,0.000000,0.018761
1,0.018266,0.000000,0.018266
1,0.018658,0.000000,0.018658
1,0.018381,0.000000,0.018381
1,0.018483,0.000000,0.018483
