processes,kosaraju_time,comm_time,elapsed
2,0.073683,0.040502,0.114185
2,0.073562,0.040301,0.113863
