processes,kosaraju_time,comm_time,elapsed
1,0.150432,0.000000,0.150432
1,0.150552,0.000000,0.150552
