processes,kosaraju_time,comm_time,elapsed
4,0.084960,0.178370,0.263330
4,0.083962,0.183914,0.267876
