processes,kosaraju_time,comm_time,elapsed
1,0.150476,0.000000,0.150476
1,0.149493,0.000000,0.149493
