processes,kosaraju_time,comm_time,elapsed
1,0.151603,0.000000,0.151603
1,0.149430,0.000000,0.149430
