processes,kosaraju_time,comm_time,elapsed
2,0.073311,0.040082,0.113393
2,0.073833,0.039945,0.113778
