processes,kosaraju_time,comm_time,elapsed
4,0.084572,0.194955,0.279527
4,0.085168,0.196602,0.281770
