processes,kosaraju_time,comm_time,elapsed
4,0.084633,0.227229,0.311863
4,0.043226,0.119028,0.162254
