processes,kosaraju_time,comm_time,elapsed
1,0.148716,0.000000,0.148716
1,0.150275,0.000000,0.150275
