processes,kosaraju_time,comm_time,elapsed
2,0.074308,0.041226,0.115534
2,0.073244,0.041242,0.114486
