processes,kosaraju_time,comm_time,elapsed
4,0.043245,0.090903,0.134148
4,0.043347,0.090276,0.133622
