processes,kosaraju_time,comm_time,elapsed
2,0.073210,0.039285,0.112494
2,0.073025,0.039257,0.112282
