processes,kosaraju_time,comm_time,elapsed
1,15.699436,0.000000,15.699436
1,15.803357,0.000000,15.803357
1,15.718533,0.000000,15.718533
1,15.688377,0.000000,15.688377
1,15.692405,0.000000,15.692405
