processes,kosaraju_time,comm_time,elapsed
0,15.396730,0,15.396730
0,15.278320,0,15.278320
0,15.172124,0,15.172124
0,15.283279,0,15.283279
0,15.297280,0,15.297280
