processes,kosaraju_time,comm_time,elapsed
1,15.712675,0.000000,15.712675
1,15.719797,0.000000,15.719797
1,15.785216,0.000000,15.785216
1,15.734287,0.000000,15.734287
1,15.755656,0.000000,15.755656
