processes,kosaraju_time,comm_time,elapsed
1,15.721413,0.000000,15.721413
1,15.793759,0.000000,15.793759
1,15.767924,0.000000,15.767924
1,15.711590,0.000000,15.711590
1,15.728613,0.000000,15.728613
