processes,kosaraju_time,comm_time,elapsed
1,0.000195,0.000000,0.000195
1,0.000209,0.000000,0.000209
1,0.000201,0.000000,0.000201
1,0.000197,0.000000,0.000197
1,0.000195,0.000000,0.000195
