processes,kosaraju_time,comm_time,elapsed
0,0.000195,0,0.000195
0,0.000191,0,0.000191
0,0.000188,0,0.000188
0,0.000193,0,0.000193
0,0.000191,0,0.000191
