processes,tarjan_time,comm_time,elapsed
1,0.225782,0.000000,0.225782
1,0.225508,0.000000,0.225508
1,0.226214,0.000000,0.226214
1,0.226525,0.000000,0.226525
1,0.226905,0.000000,0.226905
