processes,tarjan_time,comm_time,elapsed
0,0.215991,0,0.215991
0,0.215182,0,0.215182
0,0.216106,0,0.216106
0,0.214646,0,0.214646
0,0.215229,0,0.215229
