processes,tarjan_time,comm_time,elapsed
0,0.018214,0,0.018214
0,0.018120,0,0.018120
0,0.018222,0,0.018222
0,0.018282,0,0.018282
0,0.018171,0,0.018171
