processes,tarjan_time,comm_time,elapsed
0,0.042418,0,0.042418
0,0.042590,0,0.042590
0,0.042907,0,0.042907
0,0.042600,0,0.042600
0,0.042080,0,0.042080
