processes,tarjan_time,comm_time,elapsed
4,0.000180,0.000847,0.001027
4,0.000355,0.001629,0.001984
