processes,tarjan_time,comm_time,elapsed
2,0.000182,0.002135,0.002317
2,0.000196,0.002161,0.002357
