processes,tarjan_time,comm_time,elapsed
4,0.000372,0.073224,0.073597
4,0.000208,0.059310,0.059518
