processes,tarjan_time,comm_time,elapsed
4,0.000372,0.018561,0.018933
4,0.000361,0.014801,0.015162
