processes,tarjan_time,comm_time,elapsed
1,0.000682,0.000000,0.000682
1,0.000623,0.000000,0.000623
