processes,tarjan_time,comm_time,elapsed
2,0.000177,0.001024,0.001201
2,0.000177,0.001000,0.001177
