processes,tarjan_time,comm_time,elapsed
2,0.000262,0.000770,0.001032
2,0.000182,0.000546,0.000728
