processes,tarjan_time,comm_time,elapsed
1,0.000312,0.000000,0.000312
1,0.000312,0.000000,0.000312
