processes,tarjan_time,comm_time,elapsed
1,0.000623,0.000000,0.000623
1,0.000621,0.000000,0.000621
