processes,tarjan_time,comm_time,elapsed
4,0.000393,0.004032,0.004425
4,0.000393,0.031508,0.031902
