processes,tarjan_time,comm_time,elapsed
1,0.000327,0.000000,0.000327
1,0.000312,0.000000,0.000312
