processes,tarjan_time,comm_time,elapsed
2,0.000181,0.001528,0.001709
2,0.000180,0.001508,0.001688
