processes,kosaraju_time,comm_time,elapsed
0,0.031456,0,0.031456
0,0.031421,0,0.031421
0,0.031448,0,0.031448
0,0.031406,0,0.031406
0,0.031473,0,0.031473
