processes,tarjan_time,comm_time,elapsed
0,1.769394,0,1.769394
0,1.762282,0,1.762282
0,1.732101,0,1.732101
0,1.772068,0,1.772068
0,1.759887,0,1.759887
