processes,kosaraju_time,comm_time,elapsed
0,4.173545,0,4.173545
0,4.186340,0,4.186340
0,4.216711,0,4.216711
0,4.184905,0,4.184905
0,4.182793,0,4.182793
