processes,kosaraju_time,comm_time,elapsed
0,4.587917,0,4.587917
0,4.592760,0,4.592760
0,4.620884,0,4.620884
0,4.605906,0,4.605906
0,4.616125,0,4.616125
