processes,kosaraju_time,comm_time,elapsed
4,0.001063,0.025664,0.026727
4,0.000525,0.007896,0.008420
