processes,kosaraju_time,comm_time,elapsed
1,0.000941,0.000000,0.000941
1,0.000937,0.000000,0.000937
