processes,kosaraju_time,comm_time,elapsed
1,0.001249,0.000000,0.001249
1,0.001125,0.000000,0.001125
