processes,kosaraju_time,comm_time,elapsed
1,0.001945,0.000000,0.001945
1,0.001870,0.000000,0.001870
