processes,kosaraju_time,comm_time,elapsed
4,0.000533,0.021248,0.021782
4,0.001089,0.055460,0.056549
