processes,kosaraju_time,comm_time,elapsed
4,0.001009,0.001526,0.002535
4,0.001243,0.001791,0.003033
