processes,kosaraju_time,comm_time,elapsed
4,0.001036,0.021477,0.022513
4,0.001048,0.005004,0.006053
