processes,kosaraju_time,comm_time,elapsed
2,0.000613,0.001500,0.002113
2,0.000614,0.001375,0.001989
