processes,kosaraju_time,comm_time,elapsed
2,0.000603,0.000526,0.001130
2,0.000607,0.000525,0.001132
