processes,kosaraju_time,comm_time,elapsed
2,0.000617,0.002128,0.002745
2,0.000617,0.002081,0.002698
