processes,kosaraju_time,comm_time,elapsed
2,0.000609,0.000905,0.001514
2,0.000611,0.000863,0.001474
