processes,kosaraju_time,comm_time,elapsed
1,0.000939,0.000000,0.000939
1,0.000939,0.000000,0.000939
