processes,tarjan_time,comm_time,elapsed
0,0.002804,0,0.002804
0,0.002803,0,0.002803
0,0.002790,0,0.002790
0,0.002820,0,0.002820
0,0.002788,0,0.002788
