processes,tarjan_time,comm_time,elapsed
1,0.002650,0.000000,0.002650
1,0.002650,0.000000,0.002650
1,0.002652,0.000000,0.002652
1,0.002780,0.000000,0.002780
1,0.002658,0.000000,0.002658
