processes,tarjan_time,comm_time,elapsed
4,0.025123,0.413769,0.438892
4,0.025013,0.412283,0.437296
