processes,tarjan_time,comm_time,elapsed
2,0.049677,0.158788,0.208465
2,0.049077,0.160548,0.209625
