processes,tarjan_time,comm_time,elapsed
4,0.056419,0.728544,0.784964
4,0.030817,0.605260,0.636077
