processes,tarjan_time,comm_time,elapsed
2,0.050064,0.157385,0.207448
2,0.050017,0.166058,0.216075
