processes,tarjan_time,comm_time,elapsed
1,0.146228,0.000000,0.146228
1,0.146258,0.000000,0.146258
