processes,tarjan_time,comm_time,elapsed
1,0.146564,0.000000,0.146564
1,0.290313,0.000000,0.290313
