processes,tarjan_time,comm_time,elapsed
4,0.050375,0.735375,0.785749
4,0.051877,0.717776,0.769653
