processes,tarjan_time,comm_time,elapsed
1,0.146130,0.000000,0.146130
1,0.146150,0.000000,0.146150
