processes,tarjan_time,comm_time,elapsed
1,0.146153,0.000000,0.146153
1,0.146465,0.000000,0.146465
