processes,tarjan_time,comm_time,elapsed
2,0.049879,0.157475,0.207354
2,0.049862,0.157926,0.207788
