processes,kosaraju_time,comm_time,elapsed
0,0.000388,0,0.000388
0,0.000390,0,0.000390
0,0.000391,0,0.000391
0,0.000384,0,0.000384
0,0.000389,0,0.000389
