processes,kosaraju_time,comm_time,elapsed
4,0.050039,0.144584,0.194623
4,0.035247,0.123885,0.159132
