processes,kosaraju_time,comm_time,elapsed
2,0.042640,0.024993,0.067633
2,0.042647,0.025276,0.067923
