processes,kosaraju_time,comm_time,elapsed
1,0.086541,0.000000,0.086541
1,0.086870,0.000000,0.086870
