processes,kosaraju_time,comm_time,elapsed
4,0.050501,0.113303,0.163805
4,0.050701,0.097866,0.148567
