processes,kosaraju_time,comm_time,elapsed
1,0.086727,0.000000,0.086727
1,0.087042,0.000000,0.087042
