processes,kosaraju_time,comm_time,elapsed
4,0.050438,0.114369,0.164807
4,0.050309,0.105898,0.156207
