processes,kosaraju_time,comm_time,elapsed
2,0.042662,0.025277,0.067938
2,0.043221,0.025356,0.068576
