processes,kosaraju_time,comm_time,elapsed
1,0.086343,0.000000,0.086343
1,0.087103,0.000000,0.087103
