processes,kosaraju_time,comm_time,elapsed
4,0.025449,0.058039,0.083487
4,0.049724,0.114630,0.164354
