processes,kosaraju_time,comm_time,elapsed
2,0.042559,0.024981,0.067540
2,0.042643,0.024551,0.067194
