processes,kosaraju_time,comm_time,elapsed
2,0.042679,0.026289,0.068968
2,0.042958,0.026032,0.068990
