processes,kosaraju_time,comm_time,elapsed
1,0.005526,0.000000,0.005526
1,0.005546,0.000000,0.005546
1,0.005684,0.000000,0.005684
1,0.005596,0.000000,0.005596
1,0.005561,0.000000,0.005561
