processes,kosaraju_time,comm_time,elapsed
0,0.005257,0,0.005257
0,0.005234,0,0.005234
0,0.005216,0,0.005216
0,0.005238,0,0.005238
0,0.005164,0,0.005164
