processes,kosaraju_time,comm_time,elapsed
1,0.024358,0.000000,0.024358
1,0.012187,0.000000,0.012187
