processes,kosaraju_time,comm_time,elapsed
4,0.007953,0.046597,0.054550
4,0.007977,0.028169,0.036146
