processes,kosaraju_time,comm_time,elapsed
1,0.012133,0.000000,0.012133
1,0.012144,0.000000,0.012144
