processes,kosaraju_time,comm_time,elapsed
2,0.012563,0.006999,0.019562
2,0.012563,0.006779,0.019341
