processes,kosaraju_time,comm_time,elapsed
4,0.007921,0.060857,0.068778
4,0.008026,0.037353,0.045379
