processes,kosaraju_time,comm_time,elapsed
1,0.012118,0.000000,0.012118
1,0.012155,0.000000,0.012155
