processes,kosaraju_time,comm_time,elapsed
2,0.006291,0.003043,0.009333
2,0.012538,0.006213,0.018750
