processes,kosaraju_time,comm_time,elapsed
2,0.006286,0.004537,0.010823
2,0.006297,0.004519,0.010816
