processes,kosaraju_time,comm_time,elapsed
1,0.024308,0.000000,0.024308
1,0.024340,0.000000,0.024340
