processes,kosaraju_time,comm_time,elapsed
4,0.007895,0.034232,0.042127
4,0.007995,0.023506,0.031501
