processes,kosaraju_time,comm_time,elapsed
2,0.012588,0.007350,0.019938
2,0.006280,0.003831,0.010112
