processes,kosaraju_time,comm_time,elapsed
4,0.003997,0.007337,0.011334
4,0.007989,0.014376,0.022365
