processes,tarjan_time,comm_time,elapsed
1,0.000719,0.000000,0.000719
1,0.000721,0.000000,0.000721
