processes,tarjan_time,comm_time,elapsed
2,0.000389,0.003237,0.003626
2,0.000293,0.002510,0.002802
