processes,tarjan_time,comm_time,elapsed
2,0.000380,0.002369,0.002749
2,0.000289,0.001841,0.002129
