processes,tarjan_time,comm_time,elapsed
1,0.000779,0.000000,0.000779
1,0.000720,0.000000,0.000720
