processes,tarjan_time,comm_time,elapsed
4,0.000370,0.031860,0.032230
4,0.000365,0.019346,0.019712
