processes,tarjan_time,comm_time,elapsed
2,0.000288,0.001149,0.001437
2,0.000286,0.001169,0.001455
