processes,tarjan_time,comm_time,elapsed
1,0.000722,0.000000,0.000722
1,0.000718,0.000000,0.000718
