processes,tarjan_time,comm_time,elapsed
2,0.000284,0.001503,0.001787
2,0.000283,0.001495,0.001778
