processes,tarjan_time,comm_time,elapsed
4,0.000230,0.003127,0.003357
4,0.000350,0.005035,0.005385
