processes,tarjan_time,comm_time,elapsed
4,0.000481,0.035554,0.036035
4,0.000224,0.052429,0.052652
