processes,tarjan_time,comm_time,elapsed
2,0.036440,0.071732,0.108172
2,0.036422,0.071792,0.108214
