processes,tarjan_time,comm_time,elapsed
1,0.091609,0.000000,0.091609
1,0.091741,0.000000,0.091741
