processes,tarjan_time,comm_time,elapsed
4,0.038272,0.353295,0.391567
4,0.038086,0.312600,0.350686
