processes,tarjan_time,comm_time,elapsed
1,0.091594,0.000000,0.091594
1,0.091537,0.000000,0.091537
