processes,tarjan_time,comm_time,elapsed
4,0.018893,0.198113,0.217006
4,0.018953,0.187080,0.206033
