processes,tarjan_time,comm_time,elapsed
1,0.091680,0.000000,0.091680
1,0.091560,0.000000,0.091560
