processes,tarjan_time,comm_time,elapsed
1,0.092258,0.000000,0.092258
1,0.093149,0.000000,0.093149
