processes,tarjan_time,comm_time,elapsed
2,0.036361,0.071357,0.107718
2,0.036453,0.071574,0.108027
