processes,tarjan_time,comm_time,elapsed
4,0.037929,0.326198,0.364126
4,0.018976,0.171112,0.190088
