processes,tarjan_time,comm_time,elapsed
4,0.019000,0.188889,0.207888
4,0.038332,0.379192,0.417524
