processes,tarjan_time,comm_time,elapsed
2,0.036366,0.070955,0.107321
2,0.036397,0.070729,0.107127
