processes,tarjan_time,comm_time,elapsed
2,0.048508,0.159511,0.208018
2,0.097017,0.320106,0.417123
