processes,tarjan_time,comm_time,elapsed
2,0.048675,0.171173,0.219848
2,0.048454,0.157699,0.206153
