processes,tarjan_time,comm_time,elapsed
1,0.283346,0.000000,0.283346
1,0.143206,0.000000,0.143206
