processes,tarjan_time,comm_time,elapsed
4,0.024730,0.340025,0.364754
4,0.050147,0.681216,0.731363
