processes,tarjan_time,comm_time,elapsed
4,0.024834,0.311607,0.336441
4,0.024976,0.342663,0.367639
