processes,tarjan_time,comm_time,elapsed
1,0.143238,0.000000,0.143238
1,0.143176,0.000000,0.143176
