processes,tarjan_time,comm_time,elapsed
1,0.143198,0.000000,0.143198
1,0.143234,0.000000,0.143234
