processes,tarjan_time,comm_time,elapsed
4,0.024829,0.408835,0.433664
4,0.024941,0.410643,0.435584
