processes,tarjan_time,comm_time,elapsed
2,0.097023,0.319509,0.416532
2,0.048483,0.159092,0.207575
