processes,tarjan_time,comm_time,elapsed
1,0.145362,0.000000,0.145362
1,0.143125,0.000000,0.143125
