processes,tarjan_time,comm_time,elapsed
4,0.049743,0.611665,0.661408
4,0.024989,0.351540,0.376528
