processes,tarjan_time,comm_time,elapsed
2,0.048516,0.159914,0.208430
2,0.048482,0.160430,0.208913
