processes,kosaraju_time,comm_time,elapsed
2,0.210556,0.073009,0.283565
2,0.210511,0.072908,0.283418
