processes,kosaraju_time,comm_time,elapsed
4,0.140962,0.285470,0.426432
4,0.256916,0.371704,0.628619
