processes,kosaraju_time,comm_time,elapsed
2,0.210388,0.072361,0.282749
2,0.210856,0.072570,0.283425
