processes,kosaraju_time,comm_time,elapsed
1,0.404500,0.000000,0.404500
1,0.404082,0.000000,0.404082
