processes,kosaraju_time,comm_time,elapsed
1,0.412643,0.000000,0.412643
1,0.406115,0.000000,0.406115
