processes,kosaraju_time,comm_time,elapsed
2,0.210204,0.071857,0.282061
2,0.210649,0.071866,0.282516
