processes,kosaraju_time,comm_time,elapsed
2,0.210649,0.071118,0.281767
2,0.210550,0.071357,0.281907
