processes,kosaraju_time,comm_time,elapsed
4,0.129082,0.178887,0.307968
4,0.259055,0.366251,0.625306
