processes,kosaraju_time,comm_time,elapsed
1,0.404958,0.000000,0.404958
1,0.406253,0.000000,0.406253
