processes,kosaraju_time,comm_time,elapsed
4,0.268527,0.343449,0.611976
4,0.258229,0.317101,0.575330
