processes,kosaraju_time,comm_time,elapsed
4,0.130909,0.189163,0.320072
4,0.258401,0.377774,0.636174
