processes,kosaraju_time,comm_time,elapsed
1,0.404293,0.000000,0.404293
1,0.405590,0.000000,0.405590
