processes,kosaraju_time,comm_time,elapsed
0,0.178096,0,0.178096
0,0.178308,0,0.178308
0,0.177789,0,0.177789
0,0.177196,0,0.177196
0,0.177104,0,0.177104
