processes,tarjan_time,comm_time,elapsed
1,0.000079,0.000000,0.000079
1,0.000086,0.000000,0.000086
1,0.000075,0.000000,0.000075
1,0.000075,0.000000,0.000075
1,0.000079,0.000000,0.000079
