processes,tarjan_time,comm_time,elapsed
0,0.000080,0,0.000080
0,0.000081,0,0.000081
0,0.000085,0,0.000085
0,0.000080,0,0.000080
0,0.000082,0,0.000082
