processes,kosaraju_time,comm_time,elapsed
2,0.002250,0.002226,0.004476
2,0.002247,0.002178,0.004425
