processes,kosaraju_time,comm_time,elapsed
2,0.002249,0.003186,0.005435
2,0.002302,0.003178,0.005481
