processes,kosaraju_time,comm_time,elapsed
2,0.002246,0.001758,0.004003
2,0.002252,0.001754,0.004007
