processes,kosaraju_time,comm_time,elapsed
4,0.002730,0.020450,0.023180
4,0.002726,0.042079,0.044805
