processes,kosaraju_time,comm_time,elapsed
1,0.004539,0.000000,0.004539
1,0.004593,0.000000,0.004593
