processes,kosaraju_time,comm_time,elapsed
1,0.004586,0.000000,0.004586
1,0.004618,0.000000,0.004618
