processes,kosaraju_time,comm_time,elapsed
4,0.001358,0.003789,0.005147
4,0.002692,0.007907,0.010599
