processes,kosaraju_time,comm_time,elapsed
4,0.002707,0.048777,0.051485
4,0.002731,0.059169,0.061900
