processes,kosaraju_time,comm_time,elapsed
2,0.002252,0.002525,0.004777
2,0.002248,0.002488,0.004736
