processes,kosaraju_time,comm_time,elapsed
1,0.004619,0.000000,0.004619
1,0.004553,0.000000,0.004553
