processes,kosaraju_time,comm_time,elapsed
4,0.002892,0.009080,0.011972
4,0.002727,0.021766,0.024493
