processes,kosaraju_time,comm_time,elapsed
1,0.004616,0.000000,0.004616
1,0.004527,0.000000,0.004527
