processes,kosaraju_time,comm_time,elapsed
4,0.018028,0.056111,0.074139
4,0.018317,0.073974,0.092291
