processes,kosaraju_time,comm_time,elapsed
4,0.018181,0.043905,0.062087
4,0.018099,0.036045,0.054144
