processes,kosaraju_time,comm_time,elapsed
2,0.014039,0.009465,0.023504
2,0.013986,0.009447,0.023433
