processes,kosaraju_time,comm_time,elapsed
1,0.027668,0.000000,0.027668
1,0.027515,0.000000,0.027515
