processes,kosaraju_time,comm_time,elapsed
4,0.018355,0.057499,0.075854
4,0.018306,0.058285,0.076590
