processes,kosaraju_time,comm_time,elapsed
2,0.014040,0.010547,0.024587
2,0.013917,0.010817,0.024733
