processes,kosaraju_time,comm_time,elapsed
2,0.014064,0.008892,0.022955
2,0.014135,0.008911,0.023045
