processes,kosaraju_time,comm_time,elapsed
1,0.027488,0.000000,0.027488
1,0.027663,0.000000,0.027663
