processes,kosaraju_time,comm_time,elapsed
1,0.028195,0.000000,0.028195
1,0.027738,0.000000,0.027738
