processes,kosaraju_time,comm_time,elapsed
1,0.027623,0.000000,0.027623
1,0.027693,0.000000,0.027693
