processes,kosaraju_time,comm_time,elapsed
4,0.009195,0.017113,0.026308
4,0.018218,0.033424,0.051642
