processes,kosaraju_time,comm_time,elapsed
2,0.014020,0.009823,0.023843
2,0.013922,0.009861,0.023783
