processes,kosaraju_time,comm_time,elapsed
0,0.000222,0,0.000222
0,0.000224,0,0.000224
0,0.000230,0,0.000230
0,0.000225,0,0.000225
0,0.000229,0,0.000229
