processes,kosaraju_time,comm_time,elapsed
2,0.000397,0.000173,0.000570
2,0.000403,0.000181,0.000584
2,0.000405,0.000178,0.000583
2,0.000520,0.000222,0.000743
2,0.000408,0.000186,0.000594
