processes,kosaraju_time,comm_time,elapsed
1,0.000222,0.000000,0.000222
1,0.000227,0.000000,0.000227
1,0.000222,0.000000,0.000222
1,0.000233,0.000000,0.000233
1,0.000221,0.000000,0.000221
