processes,kosaraju_time,comm_time,elapsed
4,0.001319,0.003834,0.005153
4,0.001318,0.003782,0.005100
