processes,kosaraju_time,comm_time,elapsed
4,0.002611,0.007251,0.009863
4,0.002617,0.026913,0.029530
