processes,kosaraju_time,comm_time,elapsed
2,0.002163,0.003209,0.005371
2,0.002214,0.003185,0.005399
