processes,kosaraju_time,comm_time,elapsed
2,0.002162,0.002165,0.004327
2,0.002159,0.002147,0.004306
