processes,kosaraju_time,comm_time,elapsed
1,0.008846,0.000000,0.008846
1,0.008879,0.000000,0.008879
