processes,kosaraju_time,comm_time,elapsed
2,0.002153,0.002515,0.004668
2,0.002156,0.002599,0.004755
