processes,kosaraju_time,comm_time,elapsed
4,0.001318,0.019613,0.020930
4,0.001317,0.013715,0.015032
