processes,kosaraju_time,comm_time,elapsed
4,0.001320,0.039197,0.040517
4,0.001312,0.039908,0.041220
