processes,kosaraju_time,comm_time,elapsed
1,0.004459,0.000000,0.004459
1,0.004411,0.000000,0.004411
