processes,kosaraju_time,comm_time,elapsed
2,0.002153,0.001830,0.003983
2,0.002161,0.001782,0.003943
