processes,kosaraju_time,comm_time,elapsed
1,0.004423,0.000000,0.004423
1,0.004380,0.000000,0.004380
