processes,kosaraju_time,comm_time,elapsed
1,0.004570,0.000000,0.004570
1,0.004584,0.000000,0.004584
1,0.004574,0.000000,0.004574
1,0.004590,0.000000,0.004590
1,0.004585,0.000000,0.004585
