processes,kosaraju_time,comm_time,elapsed
0,0.004466,0,0.004466
0,0.004449,0,0.004449
0,0.004491,0,0.004491
0,0.004466,0,0.004466
0,0.004447,0,0.004447
