processes,kosaraju_time,comm_time,elapsed
0,0.561047,0,0.561047
0,0.561679,0,0.561679
0,0.561429,0,0.561429
0,0.560836,0,0.560836
0,0.560952,0,0.560952
