processes,kosaraju_time,comm_time,elapsed
2,9.825550,1.868070,11.693619
2,9.825673,1.869128,11.694801
