processes,kosaraju_time,comm_time,elapsed
1,18.169582,0.000000,18.169582
1,18.173990,0.000000,18.173990
