processes,kosaraju_time,comm_time,elapsed
2,9.823042,1.867925,11.690967
2,9.827004,1.888686,11.715690
