processes,kosaraju_time,comm_time,elapsed
4,6.253109,6.370205,12.623314
4,6.174287,6.335094,12.509381
