processes,kosaraju_time,comm_time,elapsed
1,18.163905,0.000000,18.163905
1,18.167577,0.000000,18.167577
