processes,kosaraju_time,comm_time,elapsed
4,6.185864,7.403194,13.589057
4,6.258366,5.094939,11.353305
