processes,kosaraju_time,comm_time,elapsed
4,6.277812,5.188602,11.466414
4,7.278771,6.066601,13.345372
