processes,kosaraju_time,comm_time,elapsed
2,9.825252,1.867253,11.692505
2,9.843898,1.872441,11.716339
