processes,kosaraju_time,comm_time,elapsed
1,18.201462,0.000000,18.201462
1,18.168218,0.000000,18.168218
