processes,kosaraju_time,comm_time,elapsed
0,18.017065,0,18.017065
0,18.127830,0,18.127830
