processes,kosaraju_time,comm_time,elapsed
2,9.838575,1.861602,11.700177
2,9.825007,1.862004,11.687012
