processes,kosaraju_time,comm_time,elapsed
1,18.177080,0.000000,18.177080
1,18.164122,0.000000,18.164122
