processes,kosaraju_time,comm_time,elapsed
4,6.205261,4.944854,11.150114
4,6.968396,4.638293,11.606689
