processes,tarjan_time,comm_time,elapsed
1,0.001108,0.000000,0.001108
1,0.001108,0.000000,0.001108
