processes,tarjan_time,comm_time,elapsed
2,0.000841,0.004075,0.004916
2,0.000848,0.004057,0.004905
