processes,tarjan_time,comm_time,elapsed
2,0.000424,0.001784,0.002207
2,0.000839,0.003459,0.004298
