processes,tarjan_time,comm_time,elapsed
2,0.000427,0.003152,0.003579
2,0.000422,0.003181,0.003603
