processes,tarjan_time,comm_time,elapsed
2,0.000849,0.004803,0.005652
2,0.000424,0.002438,0.002862
