processes,tarjan_time,comm_time,elapsed
4,0.000246,0.003826,0.004072
4,0.000510,0.008299,0.008808
