processes,tarjan_time,comm_time,elapsed
4,0.000241,0.007754,0.007995
4,0.000478,0.029405,0.029884
