processes,tarjan_time,comm_time,elapsed
1,0.002216,0.000000,0.002216
1,0.002248,0.000000,0.002248
