processes,tarjan_time,comm_time,elapsed
4,0.000483,0.027853,0.028336
4,0.000263,0.009730,0.009993
