processes,tarjan_time,comm_time,elapsed
1,0.001150,0.000000,0.001150
1,0.001107,0.000000,0.001107
