processes,tarjan_time,comm_time,elapsed
4,0.000504,0.052628,0.053132
4,0.000501,0.061775,0.062277
