processes,tarjan_time,comm_time,elapsed
1,0.247141,0.000000,0.247141
1,0.247169,0.000000,0.247169
