processes,tarjan_time,comm_time,elapsed
2,0.095557,0.171913,0.267470
2,0.095466,0.171383,0.266850
