processes,tarjan_time,comm_time,elapsed
4,0.049700,0.446536,0.496236
4,0.108968,0.718432,0.827400
