processes,tarjan_time,comm_time,elapsed
2,0.095571,0.174163,0.269734
2,0.095602,0.172237,0.267839
