processes,tarjan_time,comm_time,elapsed
2,0.095654,0.170537,0.266191
2,0.095820,0.170189,0.266009
