processes,tarjan_time,comm_time,elapsed
1,0.246211,0.000000,0.246211
1,0.246500,0.000000,0.246500
