processes,tarjan_time,comm_time,elapsed
1,0.245883,0.000000,0.245883
1,0.247313,0.000000,0.247313
