processes,tarjan_time,comm_time,elapsed
2,0.095508,0.172559,0.268067
2,0.095550,0.172604,0.268155
