processes,tarjan_time,comm_time,elapsed
4,0.049535,0.480179,0.529714
4,0.049562,0.467986,0.517549
