processes,tarjan_time,comm_time,elapsed
4,0.049556,0.401733,0.451289
4,0.049598,0.401094,0.450692
