processes,tarjan_time,comm_time,elapsed
1,0.245827,0.000000,0.245827
1,0.245804,0.000000,0.245804
