processes,tarjan_time,comm_time,elapsed
4,0.109016,0.750243,0.859260
4,0.100440,0.744200,0.844639
