processes,tarjan_time,comm_time,elapsed
0,0.044862,0,0.044862
0,0.045179,0,0.045179
0,0.045084,0,0.045084
0,0.045007,0,0.045007
0,0.045063,0,0.045063
