processes,tarjan_time,comm_time,elapsed
4,0.083227,0.699240,0.782467
4,0.176843,1.032318,1.209161
