processes,tarjan_time,comm_time,elapsed
1,0.416526,0.000000,0.416526
1,0.416072,0.000000,0.416072
