processes,tarjan_time,comm_time,elapsed
4,0.168359,1.484770,1.653129
4,0.083781,0.806959,0.890741
