processes,tarjan_time,comm_time,elapsed
4,0.083103,0.687837,0.770940
4,0.093424,0.696822,0.790246
