processes,tarjan_time,comm_time,elapsed
1,0.415811,0.000000,0.415811
1,0.415872,0.000000,0.415872
