processes,tarjan_time,comm_time,elapsed
2,0.160683,0.290377,0.451060
2,0.161201,0.286440,0.447641
