processes,tarjan_time,comm_time,elapsed
4,0.083726,0.574687,0.658413
4,0.176480,1.094986,1.271466
