processes,tarjan_time,comm_time,elapsed
1,0.416468,0.000000,0.416468
1,0.415826,0.000000,0.415826
