processes,tarjan_time,comm_time,elapsed
1,0.831479,0.000000,0.831479
1,0.416436,0.000000,0.416436
