processes,tarjan_time,comm_time,elapsed
2,0.160723,0.285443,0.446166
2,0.160864,0.285567,0.446432
