processes,kosaraju_time,comm_time,elapsed
1,0.911269,0.000000,0.911269
1,0.916613,0.000000,0.916613
