processes,kosaraju_time,comm_time,elapsed
1,0.912284,0.000000,0.912284
1,0.911304,0.000000,0.911304
