processes,kosaraju_time,comm_time,elapsed
4,0.288253,0.423257,0.711510
4,0.487182,0.840164,1.327346
