processes,kosaraju_time,comm_time,elapsed
1,0.913604,0.000000,0.913604
1,0.909825,0.000000,0.909825
