processes,kosaraju_time,comm_time,elapsed
1,0.924968,0.000000,0.924968
1,0.914595,0.000000,0.914595
