processes,kosaraju_time,comm_time,elapsed
4,0.490441,0.776012,1.266453
4,0.494267,0.745664,1.239930
