processes,kosaraju_time,comm_time,elapsed
4,0.293417,0.353037,0.646453
4,0.285276,0.337973,0.623249
