processes,kosaraju_time,comm_time,elapsed
2,0.464455,0.160166,0.624622
2,0.469270,0.165361,0.634631
