processes,kosaraju_time,comm_time,elapsed
4,0.484682,0.649561,1.134243
4,0.494567,0.626885,1.121452
