processes,kosaraju_time,comm_time,elapsed
2,0.464209,0.161335,0.625544
2,0.465141,0.174152,0.639293
