processes,kosaraju_time,comm_time,elapsed
2,0.468248,0.162401,0.630649
2,0.632702,0.162702,0.795403
