processes,kosaraju_time,comm_time,elapsed
2,0.471409,0.161558,0.632967
2,0.470219,0.161864,0.632083
