processes,tarjan_time,comm_time,elapsed
0,0.000869,0,0.000869
0,0.000839,0,0.000839
0,0.000851,0,0.000851
0,0.000844,0,0.000844
0,0.000835,0,0.000835
