processes,kosaraju_time,comm_time,elapsed
0,7.851673,0,7.851673
0,7.801972,0,7.801972
0,7.793320,0,7.793320
0,7.775417,0,7.775417
0,7.893507,0,7.893507
