processes,kosaraju_time,comm_time,elapsed
0,0.006041,0,0.006041
0,0.006049,0,0.006049
0,0.006099,0,0.006099
0,0.006089,0,0.006089
0,0.006165,0,0.006165
