processes,tarjan_time,comm_time,elapsed
2,0.006900,0.024366,0.031266
2,0.007004,0.024371,0.031375
