processes,tarjan_time,comm_time,elapsed
4,0.003603,0.058287,0.061891
4,0.003698,0.058027,0.061725
