processes,tarjan_time,comm_time,elapsed
1,0.019513,0.000000,0.019513
1,0.018391,0.000000,0.018391
