processes,tarjan_time,comm_time,elapsed
2,0.006885,0.023760,0.030646
2,0.006960,0.023588,0.030548
