processes,tarjan_time,comm_time,elapsed
4,0.007246,0.122347,0.129592
4,0.007286,0.135240,0.142527
