processes,tarjan_time,comm_time,elapsed
1,0.018404,0.000000,0.018404
1,0.018990,0.000000,0.018990
