processes,tarjan_time,comm_time,elapsed
4,0.007284,0.094139,0.101424
4,0.007377,0.088029,0.095406
