processes,tarjan_time,comm_time,elapsed
2,0.006933,0.026062,0.032995
2,0.006886,0.025427,0.032313
