processes,tarjan_time,comm_time,elapsed
4,0.003626,0.059140,0.062766
4,0.003712,0.063692,0.067404
