processes,tarjan_time,comm_time,elapsed
1,0.018413,0.000000,0.018413
1,0.018379,0.000000,0.018379
