processes,tarjan_time,comm_time,elapsed
1,0.036722,0.000000,0.036722
1,0.036691,0.000000,0.036691
