processes,tarjan_time,comm_time,elapsed
2,0.006884,0.024082,0.030965
2,0.006942,0.024186,0.031128
