processes,kosaraju_time,comm_time,elapsed
0,0.566014,0,0.566014
0,0.562806,0,0.562806
0,0.564416,0,0.564416
0,0.565138,0,0.565138
0,0.560040,0,0.560040
