processes,kosaraju_time,comm_time,elapsed
0,0.120269,0,0.120269
0,0.120675,0,0.120675
0,0.120337,0,0.120337
0,0.119910,0,0.119910
0,0.120903,0,0.120903
