processes,tarjan_time,comm_time,elapsed
2,0.077357,0.218914,0.296271
2,0.076458,0.218830,0.295289
