processes,tarjan_time,comm_time,elapsed
4,0.090648,0.889646,0.980294
4,0.114039,0.950731,1.064770
