processes,tarjan_time,comm_time,elapsed
1,0.432269,0.000000,0.432269
1,0.218139,0.000000,0.218139
