processes,tarjan_time,comm_time,elapsed
2,0.151541,0.440129,0.591670
2,0.076481,0.234409,0.310890
