processes,tarjan_time,comm_time,elapsed
1,0.218163,0.000000,0.218163
1,0.218612,0.000000,0.218612
