processes,tarjan_time,comm_time,elapsed
2,0.153823,0.469351,0.623174
2,0.076514,0.234205,0.310720
