processes,tarjan_time,comm_time,elapsed
1,0.218031,0.000000,0.218031
1,0.433777,0.000000,0.433777
