processes,tarjan_time,comm_time,elapsed
1,0.218246,0.000000,0.218246
1,0.218499,0.000000,0.218499
