processes,tarjan_time,comm_time,elapsed
4,0.041604,0.431151,0.472755
4,0.042235,0.428492,0.470726
