processes,tarjan_time,comm_time,elapsed
4,0.103647,1.140124,1.243771
4,0.086583,1.114895,1.201478
