processes,tarjan_time,comm_time,elapsed
2,0.076439,0.231202,0.307641
2,0.076645,0.215522,0.292167
