processes,tarjan_time,comm_time,elapsed
2,0.000433,0.002132,0.002565
2,0.000424,0.002141,0.002566
