processes,tarjan_time,comm_time,elapsed
1,0.001121,0.000000,0.001121
1,0.001152,0.000000,0.001152
