processes,tarjan_time,comm_time,elapsed
2,0.000427,0.001834,0.002261
2,0.000421,0.001744,0.002164
