processes,tarjan_time,comm_time,elapsed
4,0.000559,0.024454,0.025013
4,0.000502,0.032632,0.033134
