processes,tarjan_time,comm_time,elapsed
2,0.000428,0.002495,0.002923
2,0.000423,0.002475,0.002898
