processes,tarjan_time,comm_time,elapsed
1,0.001119,0.000000,0.001119
1,0.001119,0.000000,0.001119
