processes,tarjan_time,comm_time,elapsed
4,0.000265,0.003809,0.004074
4,0.000242,0.004036,0.004278
