processes,tarjan_time,comm_time,elapsed
4,0.000496,0.045892,0.046387
4,0.000507,0.056505,0.057012
