processes,tarjan_time,comm_time,elapsed
2,0.000424,0.003305,0.003729
2,0.000429,0.003175,0.003604
