processes,tarjan_time,comm_time,elapsed
1,0.001129,0.000000,0.001129
1,0.001120,0.000000,0.001120
