processes,tarjan_time,comm_time,elapsed
4,0.000258,0.003992,0.004251
4,0.000248,0.005167,0.005415
