processes,kosaraju_time,comm_time,elapsed
1,0.129309,0.000000,0.129309
1,0.128178,0.000000,0.128178
