processes,kosaraju_time,comm_time,elapsed
1,0.128883,0.000000,0.128883
1,0.128815,0.000000,0.128815
