processes,kosaraju_time,comm_time,elapsed
4,0.077406,0.166003,0.243408
4,0.076906,0.154045,0.230951
