processes,kosaraju_time,comm_time,elapsed
1,0.129440,0.000000,0.129440
1,0.129130,0.000000,0.129130
