processes,kosaraju_time,comm_time,elapsed
4,0.077841,0.191465,0.269306
4,0.077227,0.213256,0.290483
