processes,kosaraju_time,comm_time,elapsed
4,0.039071,0.083879,0.122950
4,0.077314,0.166269,0.243582
