processes,kosaraju_time,comm_time,elapsed
2,0.063783,0.036313,0.100097
2,0.063635,0.036195,0.099831
