processes,kosaraju_time,comm_time,elapsed
2,0.063213,0.036917,0.100130
2,0.063211,0.037022,0.100233
