processes,kosaraju_time,comm_time,elapsed
2,0.062461,0.035572,0.098033
2,0.062625,0.035351,0.097976
