processes,kosaraju_time,comm_time,elapsed
4,0.077991,0.174135,0.252126
4,0.077271,0.188486,0.265757
