processes,kosaraju_time,comm_time,elapsed
1,0.129544,0.000000,0.129544
1,0.129237,0.000000,0.129237
