processes,kosaraju_time,comm_time,elapsed
2,0.062845,0.035043,0.097888
2,0.063169,0.035341,0.098510
