processes,kosaraju_time,comm_time,elapsed
0,0.025107,0,0.025107
0,0.025068,0,0.025068
0,0.025530,0,0.025530
0,0.025179,0,0.025179
0,0.025408,0,0.025408
