processes,tarjan_time,comm_time,elapsed
0,0.003754,0,0.003754
0,0.003807,0,0.003807
0,0.003795,0,0.003795
0,0.003791,0,0.003791
0,0.003767,0,0.003767
