processes,tarjan_time,comm_time,elapsed
1,0.028822,0.000000,0.028822
1,0.028839,0.000000,0.028839
1,0.028786,0.000000,0.028786
1,0.029015,0.000000,0.029015
1,0.028848,0.000000,0.028848
