processes,tarjan_time,comm_time,elapsed
0,0.030311,0,0.030311
0,0.030288,0,0.030288
0,0.030362,0,0.030362
0,0.030305,0,0.030305
0,0.030387,0,0.030387
