processes,tarjan_time,comm_time,elapsed
4,0.124951,1.570297,1.695248
4,0.205848,1.848003,2.053851
