processes,tarjan_time,comm_time,elapsed
1,0.671404,0.000000,0.671404
1,0.670707,0.000000,0.670707
