processes,tarjan_time,comm_time,elapsed
1,0.670945,0.000000,0.670945
1,0.670944,0.000000,0.670944
