processes,tarjan_time,comm_time,elapsed
1,0.670820,0.000000,0.670820
1,0.670741,0.000000,0.670741
