processes,tarjan_time,comm_time,elapsed
2,0.240030,0.641808,0.881838
2,0.240653,0.690390,0.931043
