processes,tarjan_time,comm_time,elapsed
2,0.240304,0.637538,0.877843
2,0.240203,0.698734,0.938938
