processes,tarjan_time,comm_time,elapsed
4,0.217081,1.916607,2.133688
4,0.234237,2.609031,2.843268
