processes,tarjan_time,comm_time,elapsed
4,0.227855,2.136815,2.364670
4,0.134988,1.546520,1.681507
