processes,tarjan_time,comm_time,elapsed
1,0.670872,0.000000,0.670872
1,0.671544,0.000000,0.671544
