processes,tarjan_time,comm_time,elapsed
4,0.225776,3.104957,3.330734
4,0.115004,1.999495,2.114499
