processes,tarjan_time,comm_time,elapsed
2,0.240052,0.642627,0.882679
2,0.240762,0.640185,0.880947
