processes,tarjan_time,comm_time,elapsed
2,0.240315,0.643874,0.884190
2,0.239968,0.703001,0.942969
