processes,kosaraju_time,comm_time,elapsed
0,0.050889,0,0.050889
0,0.050893,0,0.050893
0,0.050846,0,0.050846
0,0.050942,0,0.050942
0,0.051049,0,0.051049
