processes,kosaraju_time,comm_time,elapsed
1,0.051516,0.000000,0.051516
1,0.051625,0.000000,0.051625
1,0.051638,0.000000,0.051638
1,0.051818,0.000000,0.051818
1,0.051535,0.000000,0.051535
