processes,kosaraju_time,comm_time,elapsed
1,0.051510,0.000000,0.051510
1,0.051513,0.000000,0.051513
1,0.051561,0.000000,0.051561
1,0.051462,0.000000,0.051462
1,0.051608,0.000000,0.051608
