processes,tarjan_time,comm_time,elapsed
0,0.132268,0,0.132268
0,0.132484,0,0.132484
0,0.131168,0,0.131168
0,0.129626,0,0.129626
0,0.129525,0,0.129525
