processes,tarjan_time,comm_time,elapsed
1,0.001421,0.000000,0.001421
1,0.001458,0.000000,0.001458
