processes,tarjan_time,comm_time,elapsed
4,0.000180,0.002721,0.002901
4,0.000378,0.004794,0.005172
