processes,tarjan_time,comm_time,elapsed
2,0.000296,0.001135,0.001431
2,0.000295,0.001215,0.001510
