processes,tarjan_time,comm_time,elapsed
4,0.000179,0.010563,0.010742
4,0.000360,0.020831,0.021191
