processes,tarjan_time,comm_time,elapsed
2,0.000297,0.001509,0.001806
2,0.000296,0.001556,0.001852
