processes,tarjan_time,comm_time,elapsed
1,0.000715,0.000000,0.000715
1,0.000713,0.000000,0.000713
