processes,tarjan_time,comm_time,elapsed
2,0.000303,0.002579,0.002882
2,0.000383,0.002533,0.002915
