processes,tarjan_time,comm_time,elapsed
4,0.000390,0.013744,0.014134
4,0.000196,0.012184,0.012380
