processes,tarjan_time,comm_time,elapsed
2,0.000300,0.001864,0.002164
2,0.000302,0.001955,0.002257
