processes,tarjan_time,comm_time,elapsed
0,8.735634,0,8.735634
0,8.752632,0,8.752632
0,8.672191,0,8.672191
0,8.636518,0,8.636518
0,8.737999,0,8.737999
