processes,tarjan_time,comm_time,elapsed
2,0.074597,0.210238,0.284836
2,0.074540,0.210331,0.284871
