processes,tarjan_time,comm_time,elapsed
1,0.209886,0.000000,0.209886
1,0.210065,0.000000,0.210065
