processes,tarjan_time,comm_time,elapsed
1,0.210335,0.000000,0.210335
1,0.210231,0.000000,0.210231
