processes,tarjan_time,comm_time,elapsed
1,0.210642,0.000000,0.210642
1,0.209844,0.000000,0.209844
