processes,tarjan_time,comm_time,elapsed
1,0.210178,0.000000,0.210178
1,0.209910,0.000000,0.209910
