processes,tarjan_time,comm_time,elapsed
2,0.074342,0.212550,0.286891
2,0.075520,0.213712,0.289232
