processes,tarjan_time,comm_time,elapsed
2,0.148451,0.425150,0.573601
2,0.074718,0.212355,0.287073
