processes,tarjan_time,comm_time,elapsed
4,0.081121,0.838684,0.919806
4,0.053818,0.411403,0.465221
