processes,tarjan_time,comm_time,elapsed
2,0.074707,0.208560,0.283267
2,0.074464,0.207582,0.282045
