processes,tarjan_time,comm_time,elapsed
4,0.077496,1.053804,1.131299
4,0.078251,1.064087,1.142338
