processes,tarjan_time,comm_time,elapsed
2,0.077184,0.233266,0.310450
2,0.077262,0.234608,0.311870
