processes,tarjan_time,comm_time,elapsed
1,0.213100,0.000000,0.213100
1,0.212659,0.000000,0.212659
