processes,tarjan_time,comm_time,elapsed
2,0.077274,0.215770,0.293044
2,0.077137,0.216256,0.293392
