processes,tarjan_time,comm_time,elapsed
2,0.077496,0.220296,0.297791
2,0.077472,0.218851,0.296323
