processes,tarjan_time,comm_time,elapsed
1,0.423234,0.000000,0.423234
1,0.212655,0.000000,0.212655
