processes,tarjan_time,comm_time,elapsed
1,0.226991,0.000000,0.226991
1,0.212758,0.000000,0.212758
