processes,tarjan_time,comm_time,elapsed
4,0.087589,1.072463,1.160052
4,0.086421,1.062450,1.148871
