processes,tarjan_time,comm_time,elapsed
4,0.086710,0.782576,0.869287
4,0.086787,0.774077,0.860863
