processes,tarjan_time,comm_time,elapsed
1,0.212699,0.000000,0.212699
1,0.212768,0.000000,0.212768
