processes,tarjan_time,comm_time,elapsed
2,0.077307,0.236697,0.314004
2,0.078445,0.219570,0.298014
