processes,tarjan_time,comm_time,elapsed
4,0.380798,3.671449,4.052247
4,0.383965,3.686601,4.070566
