processes,tarjan_time,comm_time,elapsed
4,0.765047,3.673388,4.438435
4,0.391009,2.988748,3.379756
