processes,tarjan_time,comm_time,elapsed
2,0.760528,1.133336,1.893864
2,0.761116,1.130237,1.891354
