processes,tarjan_time,comm_time,elapsed
4,0.403876,2.868437,3.272314
4,0.768230,3.785471,4.553701
