processes,tarjan_time,comm_time,elapsed
1,1.910089,0.000000,1.910089
1,1.908827,0.000000,1.908827
