processes,tarjan_time,comm_time,elapsed
1,1.908905,0.000000,1.908905
1,1.909159,0.000000,1.909159
