processes,tarjan_time,comm_time,elapsed
1,1.908724,0.000000,1.908724
1,1.909205,0.000000,1.909205
