processes,tarjan_time,comm_time,elapsed
1,1.910568,0.000000,1.910568
1,1.909137,0.000000,1.909137
