processes,tarjan_time,comm_time,elapsed
2,0.760460,1.139202,1.899661
2,0.764345,1.135754,1.900099
