processes,tarjan_time,comm_time,elapsed
2,0.763967,1.151796,1.915762
2,0.760399,1.135335,1.895734
