processes,tarjan_time,comm_time,elapsed
4,0.382544,2.815808,3.198352
4,0.392134,2.697184,3.089319
