processes,tarjan_time,comm_time,elapsed
2,0.759888,1.133535,1.893423
2,0.760319,1.132344,1.892663
