processes,kosaraju_time,comm_time,elapsed
2,0.181398,0.065178,0.246576
2,0.181474,0.065476,0.246950
