processes,kosaraju_time,comm_time,elapsed
1,0.345882,0.000000,0.345882
1,0.345277,0.000000,0.345277
