processes,kosaraju_time,comm_time,elapsed
2,0.182061,0.067187,0.249248
2,0.181298,0.066956,0.248254
