processes,kosaraju_time,comm_time,elapsed
1,0.345297,0.000000,0.345297
1,0.345979,0.000000,0.345979
