processes,kosaraju_time,comm_time,elapsed
4,0.122918,0.151461,0.274380
4,0.244144,0.296920,0.541064
