processes,kosaraju_time,comm_time,elapsed
4,0.123024,0.123787,0.246812
4,0.242210,0.241858,0.484068
