processes,kosaraju_time,comm_time,elapsed
4,0.122149,0.140296,0.262445
4,0.121826,0.139715,0.261541
