processes,kosaraju_time,comm_time,elapsed
1,0.346238,0.000000,0.346238
1,0.346039,0.000000,0.346039
