processes,kosaraju_time,comm_time,elapsed
2,0.181372,0.065664,0.247037
2,0.181667,0.065674,0.247341
