processes,kosaraju_time,comm_time,elapsed
1,0.345972,0.000000,0.345972
1,0.345609,0.000000,0.345609
