processes,kosaraju_time,comm_time,elapsed
2,0.182933,0.066050,0.248983
2,0.181329,0.066026,0.247356
