processes,kosaraju_time,comm_time,elapsed
4,0.243446,0.328270,0.571716
4,0.121008,0.167570,0.288577
