processes,tarjan_time,comm_time,elapsed
0,0.017094,0,0.017094
0,0.016979,0,0.016979
0,0.017154,0,0.017154
0,0.017172,0,0.017172
0,0.017163,0,0.017163
