processes,tarjan_time,comm_time,elapsed
2,0.030802,0.096405,0.127207
2,0.030701,0.096239,0.126940
