processes,tarjan_time,comm_time,elapsed
4,0.015138,0.220128,0.235266
4,0.015089,0.217743,0.232832
