processes,tarjan_time,comm_time,elapsed
4,0.015212,0.246632,0.261843
4,0.030174,0.484504,0.514678
