processes,tarjan_time,comm_time,elapsed
1,0.088285,0.000000,0.088285
1,0.088306,0.000000,0.088306
