processes,tarjan_time,comm_time,elapsed
2,0.030607,0.096101,0.126708
2,0.030747,0.096370,0.127117
