processes,tarjan_time,comm_time,elapsed
4,0.030306,0.415426,0.445732
4,0.018677,0.349132,0.367809
