processes,tarjan_time,comm_time,elapsed
1,0.088688,0.000000,0.088688
1,0.088437,0.000000,0.088437
