processes,tarjan_time,comm_time,elapsed
4,0.018566,0.366437,0.385002
4,0.040172,0.435041,0.475213
