processes,tarjan_time,comm_time,elapsed
2,0.030726,0.096556,0.127282
2,0.061230,0.194170,0.255400
