processes,tarjan_time,comm_time,elapsed
1,0.088405,0.000000,0.088405
1,0.088402,0.000000,0.088402
