processes,tarjan_time,comm_time,elapsed
1,0.089323,0.000000,0.089323
1,0.088479,0.000000,0.088479
