processes,tarjan_time,comm_time,elapsed
2,0.030819,0.095835,0.126654
2,0.030809,0.095763,0.126572
