processes,kosaraju_time,comm_time,elapsed
0,0.025679,0,0.025679
0,0.025446,0,0.025446
0,0.025615,0,0.025615
0,0.025326,0,0.025326
0,0.025484,0,0.025484
