processes,kosaraju_time,comm_time,elapsed
1,0.026020,0.000000,0.026020
1,0.025934,0.000000,0.025934
1,0.025685,0.000000,0.025685
1,0.025928,0.000000,0.025928
1,0.025834,0.000000,0.025834
