processes,kosaraju_time,comm_time,elapsed
0,16.930198,0,16.930198
0,16.749559,0,16.749559
0,16.775806,0,16.775806
0,16.807898,0,16.807898
0,16.717678,0,16.717678
