processes,kosaraju_time,comm_time,elapsed
1,16.696022,0.000000,16.696022
1,16.708337,0.000000,16.708337
1,16.790773,0.000000,16.790773
1,16.602940,0.000000,16.602940
1,16.729570,0.000000,16.729570
