processes,kosaraju_time,comm_time,elapsed
1,16.646547,0.000000,16.646547
1,16.760435,0.000000,16.760435
1,16.787660,0.000000,16.787660
1,16.717274,0.000000,16.717274
1,16.748545,0.000000,16.748545
