processes,kosaraju_time,comm_time,elapsed
0,0.199350,0,0.199350
0,0.200189,0,0.200189
0,0.200305,0,0.200305
0,0.200431,0,0.200431
0,0.200675,0,0.200675
