processes,kosaraju_time,comm_time,elapsed
1,0.202364,0.000000,0.202364
1,0.203823,0.000000,0.203823
1,0.202455,0.000000,0.202455
1,0.201923,0.000000,0.201923
1,0.201021,0.000000,0.201021
