processes,kosaraju_time,comm_time,elapsed
0,4.220198,0,4.220198
0,4.245088,0,4.245088
0,4.215874,0,4.215874
0,4.233513,0,4.233513
0,4.217292,0,4.217292
