processes,kosaraju_time,comm_time,elapsed
0,26.928363,0,26.928363
0,26.836192,0,26.836192
0,26.945581,0,26.945581
0,26.773868,0,26.773868
0,26.718134,0,26.718134
