processes,kosaraju_time,comm_time,elapsed
1,27.002873,0.000000,27.002873
1,26.934888,0.000000,26.934888
1,27.001630,0.000000,27.001630
1,26.859606,0.000000,26.859606
1,27.012409,0.000000,27.012409
