processes,kosaraju_time,comm_time,elapsed
1,26.988968,0.000000,26.988968
1,27.002619,0.000000,27.002619
1,26.923178,0.000000,26.923178
1,26.997965,0.000000,26.997965
1,26.891981,0.000000,26.891981
