processes,tarjan_time,comm_time,elapsed
1,0.029376,0.000000,0.029376
1,0.029483,0.000000,0.029483
