processes,tarjan_time,comm_time,elapsed
2,0.011077,0.035721,0.046797
2,0.011092,0.035993,0.047085
