processes,tarjan_time,comm_time,elapsed
4,0.013159,0.143002,0.156162
4,0.013016,0.158590,0.171606
