processes,tarjan_time,comm_time,elapsed
1,0.029439,0.000000,0.029439
1,0.029434,0.000000,0.029434
