processes,tarjan_time,comm_time,elapsed
4,0.013151,0.147478,0.160629
4,0.013128,0.161760,0.174888
