processes,tarjan_time,comm_time,elapsed
2,0.011111,0.034993,0.046104
2,0.011081,0.035321,0.046402
