processes,tarjan_time,comm_time,elapsed
2,0.011125,0.037905,0.049029
2,0.011088,0.036651,0.047739
