processes,tarjan_time,comm_time,elapsed
4,0.015981,0.177769,0.193750
4,0.013163,0.183872,0.197035
