processes,tarjan_time,comm_time,elapsed
1,0.029412,0.000000,0.029412
1,0.029822,0.000000,0.029822
