processes,kosaraju_time,comm_time,elapsed
2,1.077589,0.289947,1.367536
2,1.075021,0.289965,1.364986
