processes,kosaraju_time,comm_time,elapsed
2,1.074582,0.288752,1.363334
2,1.072766,0.288822,1.361587
