processes,kosaraju_time,comm_time,elapsed
1,2.074185,0.000000,2.074185
1,2.075862,0.000000,2.075862
