processes,kosaraju_time,comm_time,elapsed
1,2.075694,0.000000,2.075694
1,2.073631,0.000000,2.073631
