processes,kosaraju_time,comm_time,elapsed
4,0.648387,0.813972,1.462359
4,0.655214,0.822936,1.478150
