processes,kosaraju_time,comm_time,elapsed
4,0.664670,0.673495,1.338166
4,0.650815,0.712154,1.362970
