processes,kosaraju_time,comm_time,elapsed
2,1.072385,0.288931,1.361316
2,1.074477,0.289077,1.363554
