processes,kosaraju_time,comm_time,elapsed
2,1.072418,0.287524,1.359943
2,1.075164,0.287738,1.362902
