processes,kosaraju_time,comm_time,elapsed
4,1.226790,0.646387,1.873177
4,0.653946,0.631118,1.285064
