processes,kosaraju_time,comm_time,elapsed
1,2.079730,0.000000,2.079730
1,2.075652,0.000000,2.075652
