processes,kosaraju_time,comm_time,elapsed
1,2.077697,0.000000,2.077697
1,2.082427,0.000000,2.082427
