processes,kosaraju_time,comm_time,elapsed
4,0.655720,0.674262,1.329982
4,0.650202,0.652740,1.302942
