processes,kosaraju_time,comm_time,elapsed
1,0.086576,0.000000,0.086576
1,0.084805,0.000000,0.084805
