processes,kosaraju_time,comm_time,elapsed
4,0.049185,0.139961,0.189146
4,0.049293,0.122506,0.171799
