processes,kosaraju_time,comm_time,elapsed
1,0.085134,0.000000,0.085134
1,0.085597,0.000000,0.085597
