processes,kosaraju_time,comm_time,elapsed
2,0.041830,0.025322,0.067152
2,0.041877,0.025503,0.067380
