processes,kosaraju_time,comm_time,elapsed
2,0.041545,0.024697,0.066242
2,0.041468,0.024725,0.066193
