processes,kosaraju_time,comm_time,elapsed
2,0.041884,0.024666,0.066551
2,0.041906,0.024473,0.066379
