processes,kosaraju_time,comm_time,elapsed
4,0.049434,0.117028,0.166462
4,0.049434,0.116676,0.166110
