processes,kosaraju_time,comm_time,elapsed
1,0.108657,0.000000,0.108657
1,0.084864,0.000000,0.084864
