processes,kosaraju_time,comm_time,elapsed
2,0.083137,0.047897,0.131034
2,0.083352,0.047997,0.131349
