processes,kosaraju_time,comm_time,elapsed
4,0.024928,0.055283,0.080211
4,0.048854,0.108408,0.157262
