processes,kosaraju_time,comm_time,elapsed
1,0.085151,0.000000,0.085151
1,0.084742,0.000000,0.084742
