processes,kosaraju_time,comm_time,elapsed
4,0.024718,0.055185,0.079902
4,0.048942,0.123085,0.172027
