processes,kosaraju_time,comm_time,elapsed
0,82.611307,0,82.611307
0,82.261018,0,82.261018
0,81.891929,0,81.891929
0,81.578178,0,81.578178
0,81.399672,0,81.399672
