processes,kosaraju_time,comm_time,elapsed
1,81.538371,0.000000,81.538371
1,81.887146,0.000000,81.887146
1,81.993751,0.000000,81.993751
1,81.756013,0.000000,81.756013
1,81.914695,0.000000,81.914695
