processes,tarjan_time,comm_time,elapsed
0,0.035102,0,0.035102
0,0.035094,0,0.035094
0,0.034990,0,0.034990
0,0.035060,0,0.035060
0,0.035013,0,0.035013
