processes,tarjan_time,comm_time,elapsed
1,0.033035,0.000000,0.033035
1,0.033109,0.000000,0.033109
1,0.033079,0.000000,0.033079
1,0.033155,0.000000,0.033155
1,0.033143,0.000000,0.033143
