processes,tarjan_time,comm_time,elapsed
1,0.030832,0.000000,0.030832
1,0.032118,0.000000,0.032118
