processes,tarjan_time,comm_time,elapsed
4,0.005919,0.093590,0.099508
4,0.005949,0.090356,0.096305
