processes,tarjan_time,comm_time,elapsed
2,0.011426,0.040126,0.051552
2,0.011379,0.039925,0.051304
