processes,tarjan_time,comm_time,elapsed
4,0.012035,0.142305,0.154340
4,0.011825,0.175090,0.186915
