processes,tarjan_time,comm_time,elapsed
1,0.030460,0.000000,0.030460
1,0.030548,0.000000,0.030548
