processes,tarjan_time,comm_time,elapsed
1,0.030375,0.000000,0.030375
1,0.031813,0.000000,0.031813
