processes,tarjan_time,comm_time,elapsed
2,0.011383,0.039530,0.050913
2,0.011396,0.039535,0.050930
