processes,tarjan_time,comm_time,elapsed
1,0.030624,0.000000,0.030624
1,0.030358,0.000000,0.030358
