processes,tarjan_time,comm_time,elapsed
2,0.011386,0.041922,0.053308
2,0.011406,0.040681,0.052088
