processes,tarjan_time,comm_time,elapsed
1,7.063684,0.000000,7.063684
1,7.181350,0.000000,7.181350
1,7.093833,0.000000,7.093833
1,7.114605,0.000000,7.114605
1,7.103100,0.000000,7.103100
