processes,tarjan_time,comm_time,elapsed
0,6.585108,0,6.585108
0,6.758828,0,6.758828
0,6.639670,0,6.639670
0,6.606719,0,6.606719
0,6.628733,0,6.628733
