processes,kosaraju_time,comm_time,elapsed
0,0.175134,0,0.175134
0,0.174649,0,0.174649
0,0.175044,0,0.175044
0,0.175133,0,0.175133
0,0.174786,0,0.174786
