processes,kosaraju_time,comm_time,elapsed
0,0.172926,0,0.172926
0,0.174154,0,0.174154
0,0.172767,0,0.172767
0,0.173023,0,0.173023
0,0.172411,0,0.172411
