processes,kosaraju_time,comm_time,elapsed
1,0.007721,0.000000,0.007721
1,0.007745,0.000000,0.007745
