processes,kosaraju_time,comm_time,elapsed
1,0.007722,0.000000,0.007722
1,0.007790,0.000000,0.007790
