processes,kosaraju_time,comm_time,elapsed
2,0.004014,0.002082,0.006096
2,0.006082,0.003088,0.009170
