processes,kosaraju_time,comm_time,elapsed
2,0.004028,0.003452,0.007481
2,0.004073,0.003441,0.007514
