processes,kosaraju_time,comm_time,elapsed
1,0.007725,0.000000,0.007725
1,0.007770,0.000000,0.007770
