processes,kosaraju_time,comm_time,elapsed
4,0.005084,0.022106,0.027190
4,0.005043,0.015468,0.020511
