processes,kosaraju_time,comm_time,elapsed
4,0.002517,0.004441,0.006958
4,0.002519,0.004461,0.006979
