processes,kosaraju_time,comm_time,elapsed
2,0.004080,0.002760,0.006840
2,0.004013,0.002787,0.006800
