processes,kosaraju_time,comm_time,elapsed
4,0.002540,0.004127,0.006667
4,0.005045,0.010181,0.015226
