processes,kosaraju_time,comm_time,elapsed
2,0.004012,0.002452,0.006464
2,0.004068,0.002425,0.006492
