processes,kosaraju_time,comm_time,elapsed
1,0.015488,0.000000,0.015488
1,0.010316,0.000000,0.010316
