processes,kosaraju_time,comm_time,elapsed
4,0.005193,0.061540,0.066733
4,0.005079,0.074686,0.079765
