processes,tarjan_time,comm_time,elapsed
0,7.094080,0,7.094080
0,7.092841,0,7.092841
0,7.248030,0,7.248030
0,7.054613,0,7.054613
0,7.281379,0,7.281379
