processes,tarjan_time,comm_time,elapsed
1,0.858745,0.000000,0.858745
1,0.855634,0.000000,0.855634
1,0.862395,0.000000,0.862395
1,0.860190,0.000000,0.860190
1,0.864542,0.000000,0.864542
