processes,tarjan_time,comm_time,elapsed
0,0.886082,0,0.886082
0,0.878468,0,0.878468
0,0.891076,0,0.891076
0,0.913899,0,0.913899
0,0.880916,0,0.880916
