processes,tarjan_time,comm_time,elapsed
2,0.011503,0.040435,0.051938
2,0.011506,0.040375,0.051881
