processes,tarjan_time,comm_time,elapsed
2,0.011498,0.040873,0.052371
2,0.011494,0.040977,0.052470
