processes,tarjan_time,comm_time,elapsed
1,0.031787,0.000000,0.031787
1,0.031178,0.000000,0.031178
