processes,tarjan_time,comm_time,elapsed
4,0.012198,0.194461,0.206659
4,0.012138,0.194536,0.206674
