processes,tarjan_time,comm_time,elapsed
1,0.031858,0.000000,0.031858
1,0.031114,0.000000,0.031114
