processes,tarjan_time,comm_time,elapsed
1,0.032773,0.000000,0.032773
1,0.031191,0.000000,0.031191
