processes,tarjan_time,comm_time,elapsed
4,0.012169,0.181604,0.193773
4,0.012048,0.215220,0.227269
