processes,tarjan_time,comm_time,elapsed
4,0.012186,0.185782,0.197967
4,0.006051,0.091992,0.098043
