processes,tarjan_time,comm_time,elapsed
2,0.011870,0.041407,0.053277
2,0.011513,0.041555,0.053068
