processes,tarjan_time,comm_time,elapsed
1,0.063197,0.000000,0.063197
1,0.065306,0.000000,0.065306
