processes,tarjan_time,comm_time,elapsed
2,0.023020,0.080350,0.103370
2,0.011512,0.039941,0.051453
