processes,tarjan_time,comm_time,elapsed
0,0.001401,0,0.001401
0,0.001404,0,0.001404
0,0.001402,0,0.001402
0,0.001380,0,0.001380
0,0.001394,0,0.001394
