processes,tarjan_time,comm_time,elapsed
2,0.000416,0.000592,0.001008
2,0.000418,0.000585,0.001002
2,0.000413,0.000579,0.000992
2,0.000415,0.000581,0.000996
2,0.000414,0.000576,0.000991
