processes,tarjan_time,comm_time,elapsed
0,4.252917,0,4.252917
0,4.360377,0,4.360377
0,4.169206,0,4.169206
0,4.132201,0,4.132201
0,4.186800,0,4.186800
