processes,tarjan_time,comm_time,elapsed
1,2.639001,0.000000,2.639001
1,2.638945,0.000000,2.638945
1,2.624452,0.000000,2.624452
1,2.623579,0.000000,2.623579
1,2.608628,0.000000,2.608628
