processes,tarjan_time,comm_time,elapsed
0,2.450527,0,2.450527
0,2.461820,0,2.461820
0,2.455245,0,2.455245
0,2.546810,0,2.546810
0,2.456848,0,2.456848
