processes,tarjan_time,comm_time,elapsed
1,13.310438,0.000000,13.310438
1,13.224954,0.000000,13.224954
1,13.171945,0.000000,13.171945
1,13.090287,0.000000,13.090287
1,13.106634,0.000000,13.106634
