processes,tarjan_time,comm_time,elapsed
0,14.150237,0,14.150237
0,14.050628,0,14.050628
0,13.985167,0,13.985167
0,14.016240,0,14.016240
0,13.965141,0,13.965141
