processes,tarjan_time,comm_time,elapsed
1,13.263486,0.000000,13.263486
1,13.164392,0.000000,13.164392
1,13.247555,0.000000,13.247555
1,13.069934,0.000000,13.069934
1,13.275073,0.000000,13.275073
