processes,kosaraju_time,comm_time,elapsed
1,0.026218,0.000000,0.026218
1,0.026624,0.000000,0.026624
1,0.026024,0.000000,0.026024
1,0.026159,0.000000,0.026159
1,0.026587,0.000000,0.026587
