processes,kosaraju_time,comm_time,elapsed
0,0.024996,0,0.024996
0,0.024643,0,0.024643
0,0.024918,0,0.024918
0,0.024671,0,0.024671
0,0.025090,0,0.025090
