processes,kosaraju_time,comm_time,elapsed
1,0.016648,0.000000,0.016648
1,0.016857,0.000000,0.016857
1,0.016824,0.000000,0.016824
1,0.016858,0.000000,0.016858
1,0.016841,0.000000,0.016841
