processes,kosaraju_time,comm_time,elapsed
0,0.016012,0,0.016012
0,0.016014,0,0.016014
0,0.015978,0,0.015978
0,0.015984,0,0.015984
0,0.015998,0,0.015998
