processes,kosaraju_time,comm_time,elapsed
4,0.076146,0.112451,0.188597
4,0.076301,0.098264,0.174565
