processes,kosaraju_time,comm_time,elapsed
4,0.152361,0.185237,0.337598
4,0.151012,0.163809,0.314822
