processes,kosaraju_time,comm_time,elapsed
1,0.472275,0.000000,0.472275
1,0.236022,0.000000,0.236022
