processes,kosaraju_time,comm_time,elapsed
4,0.076049,0.114168,0.190217
4,0.151737,0.225488,0.377226
