processes,kosaraju_time,comm_time,elapsed
1,0.236396,0.000000,0.236396
1,0.236722,0.000000,0.236722
