processes,kosaraju_time,comm_time,elapsed
2,0.139715,0.055479,0.195194
2,0.123141,0.044711,0.167853
