processes,kosaraju_time,comm_time,elapsed
1,0.235435,0.000000,0.235435
1,0.235861,0.000000,0.235861
