processes,kosaraju_time,comm_time,elapsed
4,0.076192,0.112514,0.188706
4,0.076299,0.113077,0.189376
