processes,kosaraju_time,comm_time,elapsed
2,0.122949,0.043077,0.166026
2,0.123141,0.043084,0.166224
