processes,kosaraju_time,comm_time,elapsed
2,0.123574,0.044210,0.167784
2,0.123405,0.044162,0.167567
