processes,kosaraju_time,comm_time,elapsed
2,0.122777,0.043625,0.166403
2,0.122875,0.043727,0.166602
