processes,kosaraju_time,comm_time,elapsed
1,0.235848,0.000000,0.235848
1,0.235709,0.000000,0.235709
