processes,tarjan_time,comm_time,elapsed
2,0.390417,1.098480,1.488898
2,0.390261,1.051794,1.442055
