processes,tarjan_time,comm_time,elapsed
4,0.194080,2.768226,2.962306
4,0.333591,2.935910,3.269501
