processes,tarjan_time,comm_time,elapsed
4,0.322833,4.923820,5.246653
4,0.182043,3.629764,3.811807
