processes,tarjan_time,comm_time,elapsed
2,0.389692,1.036176,1.425868
2,0.394816,1.044916,1.439732
