processes,tarjan_time,comm_time,elapsed
1,1.260557,0.000000,1.260557
1,1.114804,0.000000,1.114804
