processes,tarjan_time,comm_time,elapsed
1,1.115055,0.000000,1.115055
1,1.113830,0.000000,1.113830
