processes,tarjan_time,comm_time,elapsed
2,0.390798,1.038765,1.429563
2,0.389722,1.041681,1.431403
