processes,tarjan_time,comm_time,elapsed
2,0.390006,1.040527,1.430533
2,0.390451,1.042011,1.432461
