processes,tarjan_time,comm_time,elapsed
4,0.408634,3.125857,3.534492
4,0.188716,3.320663,3.509379
