processes,tarjan_time,comm_time,elapsed
4,0.375415,3.902648,4.278064
4,0.333886,3.480303,3.814189
