processes,tarjan_time,comm_time,elapsed
1,1.114302,0.000000,1.114302
1,1.114219,0.000000,1.114219
