processes,tarjan_time,comm_time,elapsed
1,1.113454,0.000000,1.113454
1,1.113768,0.000000,1.113768
