processes,tarjan_time,comm_time,elapsed
2,0.000170,0.001047,0.001217
2,0.000170,0.000982,0.001152
