processes,tarjan_time,comm_time,elapsed
2,0.000173,0.001295,0.001468
2,0.000172,0.001404,0.001576
