processes,tarjan_time,comm_time,elapsed
1,0.000631,0.000000,0.000631
1,0.000441,0.000000,0.000441
