processes,tarjan_time,comm_time,elapsed
1,0.000332,0.000000,0.000332
1,0.000320,0.000000,0.000320
