processes,tarjan_time,comm_time,elapsed
4,0.000296,0.019635,0.019930
4,0.000287,0.022608,0.022894
