processes,tarjan_time,comm_time,elapsed
1,0.000318,0.000000,0.000318
1,0.000319,0.000000,0.000319
