processes,tarjan_time,comm_time,elapsed
4,0.000290,0.058011,0.058301
4,0.000152,0.044452,0.044604
