processes,tarjan_time,comm_time,elapsed
2,0.000163,0.000440,0.000602
2,0.000163,0.000450,0.000613
