processes,tarjan_time,comm_time,elapsed
4,0.000152,0.001169,0.001321
4,0.000294,0.001550,0.001844
