processes,tarjan_time,comm_time,elapsed
2,0.000176,0.002017,0.002193
2,0.000173,0.002067,0.002240
