processes,tarjan_time,comm_time,elapsed
0,0.001309,0,0.001309
0,0.001334,0,0.001334
0,0.001330,0,0.001330
0,0.001313,0,0.001313
0,0.001303,0,0.001303
