processes,kosaraju_time,comm_time,elapsed
0,0.186717,0,0.186717
0,0.187281,0,0.187281
0,0.186873,0,0.186873
0,0.188503,0,0.188503
0,0.188120,0,0.188120
