processes,kosaraju_time,comm_time,elapsed
1,0.188485,0.000000,0.188485
1,0.187696,0.000000,0.187696
1,0.186795,0.000000,0.186795
1,0.186268,0.000000,0.186268
1,0.187040,0.000000,0.187040
