processes,kosaraju_time,comm_time,elapsed
1,0.186610,0.000000,0.186610
1,0.186765,0.000000,0.186765
1,0.186507,0.000000,0.186507
1,0.188300,0.000000,0.188300
1,0.187608,0.000000,0.187608
