processes,tarjan_time,comm_time,elapsed
1,0.006715,0.000000,0.006715
1,0.006780,0.000000,0.006780
