processes,tarjan_time,comm_time,elapsed
1,0.006725,0.000000,0.006725
1,0.006719,0.000000,0.006719
