processes,tarjan_time,comm_time,elapsed
1,0.006880,0.000000,0.006880
1,0.006712,0.000000,0.006712
