processes,tarjan_time,comm_time,elapsed
4,0.003376,0.040221,0.043597
4,0.003221,0.040967,0.044188
