processes,tarjan_time,comm_time,elapsed
1,0.006799,0.000000,0.006799
1,0.006729,0.000000,0.006729
