processes,tarjan_time,comm_time,elapsed
2,0.002686,0.010859,0.013544
2,0.002672,0.010800,0.013473
