processes,tarjan_time,comm_time,elapsed
4,0.001633,0.051775,0.053408
4,0.003247,0.077069,0.080316
