processes,tarjan_time,comm_time,elapsed
2,0.002693,0.009003,0.011696
2,0.002670,0.009139,0.011809
