processes,tarjan_time,comm_time,elapsed
2,0.002675,0.010010,0.012685
2,0.002670,0.010117,0.012787
