processes,tarjan_time,comm_time,elapsed
2,0.002727,0.009665,0.012392
2,0.002674,0.009559,0.012233
