processes,kosaraju_time,comm_time,elapsed
0,0.346611,0,0.346611
0,0.346958,0,0.346958
0,0.348155,0,0.348155
0,0.346594,0,0.346594
0,0.347432,0,0.347432
