processes,tarjan_time,comm_time,elapsed
0,0.211620,0,0.211620
0,0.209256,0,0.209256
0,0.210654,0,0.210654
0,0.210308,0,0.210308
0,0.211927,0,0.211927
