processes,tarjan_time,comm_time,elapsed
0,0.000180,0,0.000180
0,0.000179,0,0.000179
0,0.000179,0,0.000179
0,0.000180,0,0.000180
0,0.000180,0,0.000180
