processes,tarjan_time,comm_time,elapsed
1,0.000174,0.000000,0.000174
1,0.000181,0.000000,0.000181
1,0.000180,0.000000,0.000180
1,0.000182,0.000000,0.000182
1,0.000172,0.000000,0.000172
