processes,kosaraju_time,comm_time,elapsed
0,1.050513,0,1.050513
0,1.050890,0,1.050890
0,1.052003,0,1.052003
0,1.050557,0,1.050557
0,1.055257,0,1.055257
