processes,tarjan_time,comm_time,elapsed
0,0.006684,0,0.006684
0,0.006639,0,0.006639
0,0.006671,0,0.006671
0,0.006670,0,0.006670
0,0.006705,0,0.006705
