processes,tarjan_time,comm_time,elapsed
0,0.000997,0,0.000997
0,0.001012,0,0.001012
0,0.001036,0,0.001036
0,0.001039,0,0.001039
0,0.001016,0,0.001016
