processes,kosaraju_time,comm_time,elapsed
1,0.150994,0.000000,0.150994
1,0.151688,0.000000,0.151688
