processes,kosaraju_time,comm_time,elapsed
1,0.151152,0.000000,0.151152
1,0.153026,0.000000,0.153026
