processes,kosaraju_time,comm_time,elapsed
2,0.074001,0.041637,0.115637
2,0.074273,0.041380,0.115653
