processes,kosaraju_time,comm_time,elapsed
2,0.074332,0.040509,0.114841
2,0.073849,0.040462,0.114311
