processes,kosaraju_time,comm_time,elapsed
4,0.084700,0.195177,0.279877
4,0.084582,0.179118,0.263700
