processes,kosaraju_time,comm_time,elapsed
1,0.150349,0.000000,0.150349
1,0.149918,0.000000,0.149918
