processes,kosaraju_time,comm_time,elapsed
4,0.046121,0.214365,0.260486
4,0.085724,0.199682,0.285406
