processes,kosaraju_time,comm_time,elapsed
2,0.074387,0.040251,0.114638
2,0.074211,0.040038,0.114250
