processes,kosaraju_time,comm_time,elapsed
2,0.074455,0.039737,0.114192
2,0.074125,0.039824,0.113949
