processes,kosaraju_time,comm_time,elapsed
4,0.043343,0.100137,0.143480
4,0.043641,0.100039,0.143680
