processes,kosaraju_time,comm_time,elapsed
4,0.043175,0.087676,0.130851
4,0.043730,0.101882,0.145612
