processes,kosaraju_time,comm_time,elapsed
1,0.149581,0.000000,0.149581
1,0.150478,0.000000,0.150478
