processes,tarjan_time,comm_time,elapsed
0,0.012978,0,0.012978
0,0.012978,0,0.012978
0,0.013036,0,0.013036
0,0.013021,0,0.013021
0,0.012972,0,0.012972
