processes,tarjan_time,comm_time,elapsed
0,0.007770,0,0.007770
0,0.007774,0,0.007774
0,0.007725,0,0.007725
0,0.007775,0,0.007775
0,0.007721,0,0.007721
