processes,kosaraju_time,comm_time,elapsed
4,4.311298,3.058913,7.370211
4,4.398392,2.864401,7.262793
