processes,kosaraju_time,comm_time,elapsed
2,5.415554,1.090823,6.506377
2,5.387624,1.071685,6.459309
