processes,kosaraju_time,comm_time,elapsed
1,9.723083,0.000000,9.723083
1,9.687577,0.000000,9.687577
