processes,kosaraju_time,comm_time,elapsed
2,5.411084,1.073783,6.484867
2,5.400931,1.075018,6.475949
