processes,kosaraju_time,comm_time,elapsed
4,4.329166,3.673434,8.002601
4,4.495127,3.692010,8.187137
