processes,kosaraju_time,comm_time,elapsed
1,9.700016,0.000000,9.700016
1,9.699390,0.000000,9.699390
