processes,kosaraju_time,comm_time,elapsed
4,4.211920,2.913296,7.125217
4,4.439322,2.737481,7.176804
