processes,kosaraju_time,comm_time,elapsed
2,5.427324,1.070916,6.498241
2,5.400377,1.054718,6.455095
