processes,kosaraju_time,comm_time,elapsed
4,4.408589,2.857993,7.266582
4,4.438816,5.627352,10.066167
