processes,kosaraju_time,comm_time,elapsed
2,5.409750,1.053842,6.463592
2,5.405167,1.068483,6.473650
