processes,kosaraju_time,comm_time,elapsed
1,9.751949,0.000000,9.751949
1,9.678708,0.000000,9.678708
