processes,kosaraju_time,comm_time,elapsed
1,9.682306,0.000000,9.682306
1,9.679691,0.000000,9.679691
