processes,tarjan_time,comm_time,elapsed
0,0.139471,0,0.139471
0,0.139006,0,0.139006
0,0.138955,0,0.138955
0,0.139243,0,0.139243
0,0.139129,0,0.139129
