processes,tarjan_time,comm_time,elapsed
0,0.003724,0,0.003724
0,0.003754,0,0.003754
0,0.003735,0,0.003735
0,0.003738,0,0.003738
0,0.003754,0,0.003754
