processes,tarjan_time,comm_time,elapsed
4,0.010419,0.094814,0.105233
4,0.010422,0.100166,0.110588
