processes,tarjan_time,comm_time,elapsed
4,0.005225,0.038515,0.043741
4,0.005134,0.038460,0.043594
