processes,tarjan_time,comm_time,elapsed
4,0.010466,0.100559,0.111025
4,0.005143,0.061783,0.066925
