processes,tarjan_time,comm_time,elapsed
1,0.019398,0.000000,0.019398
1,0.019367,0.000000,0.019367
