processes,tarjan_time,comm_time,elapsed
1,0.019520,0.000000,0.019520
1,0.019296,0.000000,0.019296
