processes,tarjan_time,comm_time,elapsed
2,0.007893,0.018139,0.026033
2,0.007895,0.018114,0.026008
