processes,tarjan_time,comm_time,elapsed
1,0.019350,0.000000,0.019350
1,0.019315,0.000000,0.019315
