processes,tarjan_time,comm_time,elapsed
2,0.007928,0.016954,0.024881
2,0.007991,0.016974,0.024965
