processes,tarjan_time,comm_time,elapsed
2,0.007881,0.018725,0.026606
2,0.007953,0.018837,0.026790
