processes,tarjan_time,comm_time,elapsed
4,0.010257,0.082886,0.093143
4,0.010325,0.071858,0.082183
