processes,tarjan_time,comm_time,elapsed
2,0.007886,0.017702,0.025588
2,0.007943,0.017720,0.025663
