processes,tarjan_time,comm_time,elapsed
1,0.019839,0.000000,0.019839
1,0.019355,0.000000,0.019355
