processes,kosaraju_time,comm_time,elapsed
1,30.833531,0.000000,30.833531
1,30.997267,0.000000,30.997267
1,30.970283,0.000000,30.970283
1,30.914493,0.000000,30.914493
1,30.784454,0.000000,30.784454
