processes,kosaraju_time,comm_time,elapsed
0,29.666422,0,29.666422
0,29.789192,0,29.789192
0,29.832594,0,29.832594
0,29.929299,0,29.929299
0,29.808007,0,29.808007
