processes,kosaraju_time,comm_time,elapsed
1,50.747656,0.000000,50.747656
1,50.709065,0.000000,50.709065
1,50.841456,0.000000,50.841456
1,50.581697,0.000000,50.581697
1,50.843908,0.000000,50.843908
