processes,kosaraju_time,comm_time,elapsed
0,50.561308,0,50.561308
0,50.724554,0,50.724554
0,50.661212,0,50.661212
0,50.890537,0,50.890537
0,50.720854,0,50.720854
