processes,kosaraju_time,comm_time,elapsed
1,50.681497,0.000000,50.681497
1,50.802694,0.000000,50.802694
1,50.843635,0.000000,50.843635
1,50.571615,0.000000,50.571615
1,50.868359,0.000000,50.868359
