processes,kosaraju_time,comm_time,elapsed
1,50.807130,0.000000,50.807130
1,50.959509,0.000000,50.959509
1,50.796688,0.000000,50.796688
1,50.951485,0.000000,50.951485
1,50.825978,0.000000,50.825978
