processes,tarjan_time,comm_time,elapsed
1,1.095914,0.000000,1.095914
1,1.095958,0.000000,1.095958
