processes,tarjan_time,comm_time,elapsed
2,0.386396,1.053411,1.439808
2,0.386874,1.042668,1.429542
