processes,tarjan_time,comm_time,elapsed
2,0.386533,1.055423,1.441956
2,0.385936,1.135168,1.521104
