processes,tarjan_time,comm_time,elapsed
1,1.108659,0.000000,1.108659
1,1.096543,0.000000,1.096543
