processes,tarjan_time,comm_time,elapsed
4,0.182661,3.589287,3.771947
4,0.328190,3.934719,4.262909
