processes,tarjan_time,comm_time,elapsed
1,1.095932,0.000000,1.095932
1,1.096251,0.000000,1.096251
