processes,tarjan_time,comm_time,elapsed
2,0.385949,1.050575,1.436524
2,0.387431,1.048619,1.436050
