processes,tarjan_time,comm_time,elapsed
4,0.456664,3.111479,3.568143
4,0.429217,4.275851,4.705068
