processes,tarjan_time,comm_time,elapsed
2,0.386530,1.046559,1.433089
2,0.395757,1.039383,1.435139
