processes,tarjan_time,comm_time,elapsed
4,0.410287,2.898983,3.309271
4,0.327127,3.323880,3.651007
