processes,tarjan_time,comm_time,elapsed
1,1.095648,0.000000,1.095648
1,1.095651,0.000000,1.095651
