processes,tarjan_time,comm_time,elapsed
4,0.337356,3.224258,3.561614
4,0.330445,3.222735,3.553180
