processes,kosaraju_time,comm_time,elapsed
2,2.779626,0.647316,3.426942
2,2.781065,0.637927,3.418992
