processes,kosaraju_time,comm_time,elapsed
2,2.765242,0.654213,3.419454
2,2.782037,0.650591,3.432628
