processes,kosaraju_time,comm_time,elapsed
1,5.162776,0.000000,5.162776
1,5.165803,0.000000,5.165803
