processes,kosaraju_time,comm_time,elapsed
4,2.613077,1.626959,4.240036
4,2.232581,1.623314,3.855895
