processes,kosaraju_time,comm_time,elapsed
4,2.253668,1.479602,3.733270
4,2.357345,1.687477,4.044823
