processes,kosaraju_time,comm_time,elapsed
1,5.153232,0.000000,5.153232
1,5.142673,0.000000,5.142673
