processes,kosaraju_time,comm_time,elapsed
1,5.138475,0.000000,5.138475
1,5.154709,0.000000,5.154709
