processes,kosaraju_time,comm_time,elapsed
4,1.889056,2.039931,3.928986
4,2.206096,2.038025,4.244122
