processes,kosaraju_time,comm_time,elapsed
4,2.216396,1.624404,3.840799
4,1.879716,1.551479,3.431195
