processes,kosaraju_time,comm_time,elapsed
1,5.138123,0.000000,5.138123
1,5.144798,0.000000,5.144798
