processes,kosaraju_time,comm_time,elapsed
2,2.768284,0.653586,3.421870
2,2.790756,0.690303,3.481059
