processes,kosaraju_time,comm_time,elapsed
2,2.797101,0.650992,3.448093
2,2.766999,0.650473,3.417472
