processes,kosaraju_time,comm_time,elapsed
4,0.079490,0.134651,0.214142
4,0.052797,0.076462,0.129259
