processes,kosaraju_time,comm_time,elapsed
2,0.125365,0.071836,0.197200
2,0.125932,0.072000,0.197932
