processes,kosaraju_time,comm_time,elapsed
2,0.063357,0.035585,0.098941
2,0.125418,0.076174,0.201592
