processes,kosaraju_time,comm_time,elapsed
4,0.080918,0.148535,0.229452
4,0.079591,0.151762,0.231353
