processes,kosaraju_time,comm_time,elapsed
4,0.040467,0.081690,0.122157
4,0.079896,0.161798,0.241695
