processes,kosaraju_time,comm_time,elapsed
2,0.063888,0.036780,0.100669
2,0.063995,0.038020,0.102015
