processes,kosaraju_time,comm_time,elapsed
1,0.127613,0.000000,0.127613
1,0.128718,0.000000,0.128718
