processes,kosaraju_time,comm_time,elapsed
1,0.127796,0.000000,0.127796
1,0.127507,0.000000,0.127507
