processes,kosaraju_time,comm_time,elapsed
4,0.040291,0.109440,0.149731
4,0.099446,0.174224,0.273670
