processes,kosaraju_time,comm_time,elapsed
1,0.127489,0.000000,0.127489
1,0.128073,0.000000,0.128073
