processes,kosaraju_time,comm_time,elapsed
1,0.127903,0.000000,0.127903
1,0.127680,0.000000,0.127680
