processes,kosaraju_time,comm_time,elapsed
2,0.063890,0.036783,0.100673
2,0.063568,0.036698,0.100267
