processes,tarjan_time,comm_time,elapsed
4,0.262891,1.011211,1.274102
4,0.187696,0.922188,1.109884
