processes,tarjan_time,comm_time,elapsed
2,0.249319,0.428915,0.678234
2,0.248952,0.432604,0.681556
