processes,tarjan_time,comm_time,elapsed
1,0.616300,0.000000,0.616300
1,0.615329,0.000000,0.615329
