processes,tarjan_time,comm_time,elapsed
4,0.273217,1.474939,1.748156
4,0.167371,1.068155,1.235526
