processes,tarjan_time,comm_time,elapsed
4,0.156805,1.096002,1.252807
4,0.264702,1.491414,1.756116
