processes,tarjan_time,comm_time,elapsed
2,0.249355,0.427138,0.676494
2,0.496977,0.688668,1.185644
