processes,tarjan_time,comm_time,elapsed
1,0.614891,0.000000,0.614891
1,0.614805,0.000000,0.614805
