processes,tarjan_time,comm_time,elapsed
2,0.249211,0.427333,0.676544
2,0.248949,0.426617,0.675566
