processes,tarjan_time,comm_time,elapsed
4,0.156925,0.846895,1.003821
4,0.280134,1.083661,1.363796
