processes,tarjan_time,comm_time,elapsed
2,0.249626,0.423296,0.672921
2,0.249289,0.423287,0.672576
