processes,tarjan_time,comm_time,elapsed
1,0.615265,0.000000,0.615265
1,0.614945,0.000000,0.614945
