processes,tarjan_time,comm_time,elapsed
1,0.615182,0.000000,0.615182
1,0.616119,0.000000,0.616119
