processes,kosaraju_time,comm_time,elapsed
0,0.002445,0,0.002445
0,0.002486,0,0.002486
0,0.002457,0,0.002457
0,0.002412,0,0.002412
0,0.002473,0,0.002473
