processes,tarjan_time,comm_time,elapsed
2,0.001251,0.003479,0.004730
2,0.001254,0.003557,0.004810
