processes,tarjan_time,comm_time,elapsed
2,0.001248,0.003123,0.004371
2,0.001242,0.003125,0.004367
