processes,tarjan_time,comm_time,elapsed
1,0.003148,0.000000,0.003148
1,0.003134,0.000000,0.003134
