processes,tarjan_time,comm_time,elapsed
1,0.006267,0.000000,0.006267
1,0.003134,0.000000,0.003134
