processes,tarjan_time,comm_time,elapsed
1,0.003153,0.000000,0.003153
1,0.003317,0.000000,0.003317
