processes,tarjan_time,comm_time,elapsed
2,0.001245,0.003786,0.005032
2,0.001251,0.003840,0.005091
