processes,tarjan_time,comm_time,elapsed
2,0.001254,0.004617,0.005871
2,0.002591,0.008860,0.011451
