processes,tarjan_time,comm_time,elapsed
4,0.001414,0.029773,0.031187
4,0.000708,0.015216,0.015924
