processes,tarjan_time,comm_time,elapsed
1,0.003135,0.000000,0.003135
1,0.003132,0.000000,0.003132
