processes,tarjan_time,comm_time,elapsed
4,0.000715,0.022016,0.022730
4,0.001413,0.066469,0.067883
