processes,kosaraju_time,comm_time,elapsed
0,0.119616,0,0.119616
0,0.118530,0,0.118530
0,0.119249,0,0.119249
0,0.119638,0,0.119638
0,0.119049,0,0.119049
