processes,tarjan_time,comm_time,elapsed
1,0.002241,0.000000,0.002241
1,0.002239,0.000000,0.002239
