processes,tarjan_time,comm_time,elapsed
2,0.000432,0.003152,0.003584
2,0.000430,0.003259,0.003690
