processes,tarjan_time,comm_time,elapsed
2,0.000427,0.002172,0.002600
2,0.000433,0.002210,0.002643
