processes,tarjan_time,comm_time,elapsed
4,0.000494,0.018486,0.018979
4,0.000506,0.051986,0.052492
