processes,tarjan_time,comm_time,elapsed
1,0.001160,0.000000,0.001160
1,0.002239,0.000000,0.002239
