processes,tarjan_time,comm_time,elapsed
1,0.001124,0.000000,0.001124
1,0.001166,0.000000,0.001166
