processes,tarjan_time,comm_time,elapsed
2,0.000430,0.002454,0.002884
2,0.000430,0.002492,0.002922
