processes,tarjan_time,comm_time,elapsed
4,0.000521,0.012991,0.013512
4,0.000511,0.008679,0.009190
