processes,tarjan_time,comm_time,elapsed
2,0.000427,0.001811,0.002238
2,0.000437,0.001778,0.002216
