processes,tarjan_time,comm_time,elapsed
4,0.000263,0.004105,0.004368
4,0.000539,0.008105,0.008644
