processes,tarjan_time,comm_time,elapsed
4,0.000520,0.058256,0.058776
4,0.000254,0.014258,0.014512
