processes,tarjan_time,comm_time,elapsed
0,4.417556,0,4.417556
0,4.465102,0,4.465102
0,4.415076,0,4.415076
0,4.410843,0,4.410843
0,4.381967,0,4.381967
