processes,tarjan_time,comm_time,elapsed
2,0.240907,0.643685,0.884592
2,0.241998,0.640814,0.882811
