processes,tarjan_time,comm_time,elapsed
4,0.208362,1.962573,2.170936
4,0.212026,2.167310,2.379336
