processes,tarjan_time,comm_time,elapsed
1,0.677583,0.000000,0.677583
1,0.678672,0.000000,0.678672
