processes,tarjan_time,comm_time,elapsed
4,0.114737,2.024395,2.139132
4,0.113417,2.027908,2.141325
