processes,tarjan_time,comm_time,elapsed
4,0.228322,2.051479,2.279801
4,0.112666,1.537236,1.649902
