processes,tarjan_time,comm_time,elapsed
2,0.240981,0.640869,0.881850
2,0.240893,0.677789,0.918683
