processes,tarjan_time,comm_time,elapsed
4,0.115629,1.642905,1.758534
4,0.226177,1.799508,2.025684
