processes,tarjan_time,comm_time,elapsed
1,0.679369,0.000000,0.679369
1,0.677744,0.000000,0.677744
