processes,tarjan_time,comm_time,elapsed
1,0.677948,0.000000,0.677948
1,0.678075,0.000000,0.678075
