processes,tarjan_time,comm_time,elapsed
2,0.240776,0.639871,0.880648
2,0.240507,0.642303,0.882810
