processes,tarjan_time,comm_time,elapsed
1,0.678213,0.000000,0.678213
1,0.677475,0.000000,0.677475
