processes,tarjan_time,comm_time,elapsed
2,0.240729,0.639034,0.879763
2,0.241123,0.671234,0.912357
