processes,tarjan_time,comm_time,elapsed
4,0.007229,0.109505,0.116734
4,0.007391,0.106630,0.114021
