processes,tarjan_time,comm_time,elapsed
2,0.006893,0.024192,0.031085
2,0.006839,0.024286,0.031125
