processes,tarjan_time,comm_time,elapsed
2,0.006909,0.025363,0.032272
2,0.006918,0.025125,0.032043
