processes,tarjan_time,comm_time,elapsed
1,0.018384,0.000000,0.018384
1,0.018407,0.000000,0.018407
