processes,tarjan_time,comm_time,elapsed
2,0.006907,0.025293,0.032200
2,0.006965,0.025562,0.032527
