processes,tarjan_time,comm_time,elapsed
4,0.003620,0.056983,0.060602
4,0.007273,0.114188,0.121461
