processes,tarjan_time,comm_time,elapsed
1,0.018423,0.000000,0.018423
1,0.018499,0.000000,0.018499
