processes,tarjan_time,comm_time,elapsed
4,0.007281,0.105634,0.112914
4,0.007195,0.113337,0.120532
