processes,tarjan_time,comm_time,elapsed
1,0.018465,0.000000,0.018465
1,0.019041,0.000000,0.019041
