processes,tarjan_time,comm_time,elapsed
2,0.006918,0.025672,0.032590
2,0.006847,0.024918,0.031765
