processes,tarjan_time,comm_time,elapsed
4,0.007267,0.148781,0.156048
4,0.007298,0.141196,0.148494
