processes,kosaraju_time,comm_time,elapsed
1,0.079697,0.000000,0.079697
1,0.078550,0.000000,0.078550
1,0.078487,0.000000,0.078487
1,0.078646,0.000000,0.078646
1,0.078253,0.000000,0.078253
