processes,kosaraju_time,comm_time,elapsed
0,0.077378,0,0.077378
0,0.077441,0,0.077441
0,0.077621,0,0.077621
0,0.078025,0,0.078025
0,0.077647,0,0.077647
