processes,tarjan_time,comm_time,elapsed
1,0.028804,0.000000,0.028804
1,0.028921,0.000000,0.028921
