processes,tarjan_time,comm_time,elapsed
4,0.005666,0.080146,0.085812
4,0.005773,0.079776,0.085549
