processes,tarjan_time,comm_time,elapsed
1,0.028762,0.000000,0.028762
1,0.029188,0.000000,0.029188
