processes,tarjan_time,comm_time,elapsed
4,0.011841,0.165987,0.177828
4,0.011357,0.176359,0.187716
