processes,tarjan_time,comm_time,elapsed
1,0.028857,0.000000,0.028857
1,0.028828,0.000000,0.028828
