processes,tarjan_time,comm_time,elapsed
1,0.028774,0.000000,0.028774
1,0.029079,0.000000,0.029079
