processes,kosaraju_time,comm_time,elapsed
2,0.461606,0.163216,0.624822
2,0.464123,0.162469,0.626592
