processes,kosaraju_time,comm_time,elapsed
1,0.910258,0.000000,0.910258
1,0.911929,0.000000,0.911929
