processes,kosaraju_time,comm_time,elapsed
4,0.289433,0.363218,0.652650
4,0.505348,0.709671,1.215019
