processes,kosaraju_time,comm_time,elapsed
1,0.908345,0.000000,0.908345
1,0.912853,0.000000,0.912853
