processes,kosaraju_time,comm_time,elapsed
2,0.462006,0.165988,0.627994
2,0.464476,0.161144,0.625621
