processes,kosaraju_time,comm_time,elapsed
2,0.466697,0.163399,0.630097
2,0.466174,0.163196,0.629370
