processes,kosaraju_time,comm_time,elapsed
4,0.287397,0.407900,0.695296
4,0.286290,0.401424,0.687714
