processes,kosaraju_time,comm_time,elapsed
1,0.910321,0.000000,0.910321
1,0.912955,0.000000,0.912955
