processes,kosaraju_time,comm_time,elapsed
4,0.499468,0.708286,1.207754
4,0.498485,0.605275,1.103760
