processes,kosaraju_time,comm_time,elapsed
2,0.461556,0.162963,0.624519
2,0.463798,0.163150,0.626948
