processes,kosaraju_time,comm_time,elapsed
1,0.910073,0.000000,0.910073
1,0.910454,0.000000,0.910454
