processes,kosaraju_time,comm_time,elapsed
4,0.489297,0.664918,1.154214
4,0.486065,0.654002,1.140067
