processes,kosaraju_time,comm_time,elapsed
1,0.984868,0.000000,0.984868
1,0.985779,0.000000,0.985779
1,0.991962,0.000000,0.991962
1,0.990835,0.000000,0.990835
1,0.985119,0.000000,0.985119
