processes,kosaraju_time,comm_time,elapsed
0,0.950868,0,0.950868
0,0.953442,0,0.953442
0,0.956442,0,0.956442
0,0.955028,0,0.955028
0,0.959002,0,0.959002
