processes,tarjan_time,comm_time,elapsed
1,0.031593,0.000000,0.031593
1,0.031178,0.000000,0.031178
