processes,tarjan_time,comm_time,elapsed
4,0.006053,0.109027,0.115079
4,0.006045,0.122374,0.128419
