processes,tarjan_time,comm_time,elapsed
1,0.031438,0.000000,0.031438
1,0.031090,0.000000,0.031090
