processes,tarjan_time,comm_time,elapsed
2,0.023001,0.079543,0.102544
2,0.023626,0.078971,0.102597
