processes,tarjan_time,comm_time,elapsed
4,0.006066,0.093877,0.099943
4,0.006059,0.107972,0.114031
