processes,tarjan_time,comm_time,elapsed
4,0.011908,0.178183,0.190090
4,0.012014,0.179898,0.191911
