processes,tarjan_time,comm_time,elapsed
4,0.012091,0.194844,0.206934
4,0.005964,0.097697,0.103662
