processes,tarjan_time,comm_time,elapsed
2,0.011519,0.040299,0.051818
2,0.011541,0.040275,0.051816
