processes,tarjan_time,comm_time,elapsed
2,0.023096,0.080504,0.103600
2,0.011534,0.039666,0.051200
