processes,tarjan_time,comm_time,elapsed
1,0.030945,0.000000,0.030945
1,0.030889,0.000000,0.030889
