processes,tarjan_time,comm_time,elapsed
2,0.011571,0.042235,0.053806
2,0.011542,0.040911,0.052453
