processes,tarjan_time,comm_time,elapsed
1,0.031392,0.000000,0.031392
1,0.031199,0.000000,0.031199
