processes,tarjan_time,comm_time,elapsed
1,1.105007,0.000000,1.105007
1,1.104739,0.000000,1.104739
