processes,tarjan_time,comm_time,elapsed
2,0.389731,1.130905,1.520636
2,0.389493,1.044457,1.433950
