processes,tarjan_time,comm_time,elapsed
1,1.105362,0.000000,1.105362
1,1.104996,0.000000,1.104996
