processes,tarjan_time,comm_time,elapsed
1,1.104603,0.000000,1.104603
1,1.104741,0.000000,1.104741
