processes,tarjan_time,comm_time,elapsed
4,0.183962,3.563595,3.747557
4,0.184717,3.608173,3.792890
