processes,tarjan_time,comm_time,elapsed
2,0.389647,1.139800,1.529447
2,0.389660,1.039858,1.429518
