processes,tarjan_time,comm_time,elapsed
4,0.340824,2.894497,3.235321
4,0.204894,2.565078,2.769972
