processes,tarjan_time,comm_time,elapsed
2,0.390244,1.043088,1.433333
2,0.389798,1.046314,1.436112
