processes,tarjan_time,comm_time,elapsed
4,0.185268,2.623733,2.809000
4,0.340486,2.843672,3.184158
