processes,tarjan_time,comm_time,elapsed
2,0.391035,1.047353,1.438388
2,0.396244,1.044970,1.441214
