processes,tarjan_time,comm_time,elapsed
4,0.330272,2.977057,3.307329
4,0.341163,3.086912,3.428075
