processes,tarjan_time,comm_time,elapsed
1,1.126125,0.000000,1.126125
1,1.104515,0.000000,1.104515
