processes,tarjan_time,comm_time,elapsed
0,0.006239,0,0.006239
0,0.006351,0,0.006351
0,0.006276,0,0.006276
0,0.006250,0,0.006250
0,0.006490,0,0.006490
