processes,tarjan_time,comm_time,elapsed
1,0.006645,0.000000,0.006645
1,0.006675,0.000000,0.006675
1,0.006717,0.000000,0.006717
1,0.006759,0.000000,0.006759
1,0.006715,0.000000,0.006715
