processes,kosaraju_time,comm_time,elapsed
1,0.471333,0.000000,0.471333
1,0.470637,0.000000,0.470637
