processes,kosaraju_time,comm_time,elapsed
4,0.137191,0.201294,0.338485
4,0.138826,0.199745,0.338571
