processes,kosaraju_time,comm_time,elapsed
4,0.247825,0.436168,0.683993
4,0.207221,0.235087,0.442308
