processes,kosaraju_time,comm_time,elapsed
4,0.138143,0.238615,0.376758
4,0.247409,0.475101,0.722510
