processes,kosaraju_time,comm_time,elapsed
2,0.232530,0.100765,0.333295
2,0.233912,0.098043,0.331955
