processes,kosaraju_time,comm_time,elapsed
1,0.470804,0.000000,0.470804
1,0.469392,0.000000,0.469392
