processes,kosaraju_time,comm_time,elapsed
2,0.232997,0.100349,0.333346
2,0.231782,0.096056,0.327838
