processes,kosaraju_time,comm_time,elapsed
2,0.231495,0.099653,0.331148
2,0.433617,0.195386,0.629003
