processes,kosaraju_time,comm_time,elapsed
4,0.247521,0.425699,0.673220
4,0.258716,0.416083,0.674799
