processes,kosaraju_time,comm_time,elapsed
1,0.470515,0.000000,0.470515
1,0.468356,0.000000,0.468356
