processes,kosaraju_time,comm_time,elapsed
2,0.434954,0.114515,0.549469
2,0.233131,0.103311,0.336442
