processes,kosaraju_time,comm_time,elapsed
1,0.471930,0.000000,0.471930
1,0.470268,0.000000,0.470268
