processes,kosaraju_time,comm_time,elapsed
1,0.087010,0.000000,0.087010
1,0.086134,0.000000,0.086134
