processes,kosaraju_time,comm_time,elapsed
1,0.084894,0.000000,0.084894
1,0.087387,0.000000,0.087387
