processes,kosaraju_time,comm_time,elapsed
4,0.049250,0.111085,0.160336
4,0.049170,0.114236,0.163407
