processes,kosaraju_time,comm_time,elapsed
4,0.025128,0.059047,0.084175
4,0.049976,0.117503,0.167480
