processes,kosaraju_time,comm_time,elapsed
2,0.042083,0.026203,0.068286
2,0.042128,0.025543,0.067672
