processes,kosaraju_time,comm_time,elapsed
2,0.083127,0.050148,0.133276
2,0.083147,0.048814,0.131961
