processes,kosaraju_time,comm_time,elapsed
2,0.082914,0.049503,0.132417
2,0.041883,0.025034,0.066917
