processes,kosaraju_time,comm_time,elapsed
2,0.042153,0.023992,0.066145
2,0.041774,0.023935,0.065709
