processes,kosaraju_time,comm_time,elapsed
4,0.024971,0.094242,0.119213
4,0.049311,0.142930,0.192241
