processes,kosaraju_time,comm_time,elapsed
4,0.049283,0.124737,0.174021
4,0.049338,0.113338,0.162676
