processes,kosaraju_time,comm_time,elapsed
1,0.169135,0.000000,0.169135
1,0.086005,0.000000,0.086005
