processes,kosaraju_time,comm_time,elapsed
1,0.085558,0.000000,0.085558
1,0.085865,0.000000,0.085865
