processes,kosaraju_time,comm_time,elapsed
2,0.026659,0.018837,0.045496
2,0.026767,0.018882,0.045649
