processes,kosaraju_time,comm_time,elapsed
4,0.017711,0.102405,0.120116
4,0.017508,0.085353,0.102860
