processes,kosaraju_time,comm_time,elapsed
4,0.017765,0.039878,0.057644
4,0.017733,0.039913,0.057646
