processes,kosaraju_time,comm_time,elapsed
1,0.026453,0.000000,0.026453
1,0.026478,0.000000,0.026478
