processes,kosaraju_time,comm_time,elapsed
4,0.008975,0.013424,0.022399
4,0.017528,0.049448,0.066975
