processes,kosaraju_time,comm_time,elapsed
2,0.013388,0.010501,0.023889
2,0.026571,0.020216,0.046787
