processes,kosaraju_time,comm_time,elapsed
4,0.017569,0.067199,0.084767
4,0.017586,0.057568,0.075154
