processes,kosaraju_time,comm_time,elapsed
1,0.027446,0.000000,0.027446
1,0.026466,0.000000,0.026466
