processes,kosaraju_time,comm_time,elapsed
1,0.026568,0.000000,0.026568
1,0.034827,0.000000,0.034827
