processes,kosaraju_time,comm_time,elapsed
1,0.026441,0.000000,0.026441
1,0.026597,0.000000,0.026597
