processes,kosaraju_time,comm_time,elapsed
2,0.013282,0.008712,0.021994
2,0.013361,0.008694,0.022054
