processes,kosaraju_time,comm_time,elapsed
2,0.027551,0.017799,0.045351
2,0.026691,0.017844,0.044534
