processes,tarjan_time,comm_time,elapsed
4,0.015561,0.221916,0.237477
4,0.015608,0.232126,0.247733
