processes,tarjan_time,comm_time,elapsed
2,0.030122,0.095238,0.125360
2,0.030088,0.102488,0.132576
