processes,tarjan_time,comm_time,elapsed
2,0.030060,0.097007,0.127066
2,0.030627,0.098199,0.128826
