processes,tarjan_time,comm_time,elapsed
1,0.085922,0.000000,0.085922
1,0.085949,0.000000,0.085949
