processes,tarjan_time,comm_time,elapsed
4,0.015577,0.245599,0.261176
4,0.030960,0.487380,0.518339
