processes,tarjan_time,comm_time,elapsed
1,0.085920,0.000000,0.085920
1,0.086389,0.000000,0.086389
