processes,tarjan_time,comm_time,elapsed
2,0.030091,0.102777,0.132868
2,0.030143,0.096298,0.126441
