processes,tarjan_time,comm_time,elapsed
1,0.085987,0.000000,0.085987
1,0.085864,0.000000,0.085864
