processes,tarjan_time,comm_time,elapsed
4,0.027372,0.233066,0.260438
4,0.015547,0.207039,0.222587
