processes,tarjan_time,comm_time,elapsed
1,0.086371,0.000000,0.086371
1,0.086006,0.000000,0.086006
