processes,kosaraju_time,comm_time,elapsed
4,0.060058,0.113848,0.173906
4,0.056140,0.104550,0.160690
