processes,kosaraju_time,comm_time,elapsed
2,0.041127,0.017073,0.058200
2,0.041022,0.017104,0.058126
