processes,kosaraju_time,comm_time,elapsed
4,0.028071,0.039255,0.067327
4,0.056701,0.080785,0.137486
