processes,kosaraju_time,comm_time,elapsed
1,0.076793,0.000000,0.076793
1,0.076819,0.000000,0.076819
