processes,kosaraju_time,comm_time,elapsed
1,0.076861,0.000000,0.076861
1,0.076736,0.000000,0.076736
