processes,kosaraju_time,comm_time,elapsed
4,0.056515,0.083431,0.139947
4,0.028048,0.051553,0.079602
