processes,kosaraju_time,comm_time,elapsed
4,0.028189,0.048894,0.077083
4,0.028447,0.049481,0.077927
