processes,kosaraju_time,comm_time,elapsed
2,0.041012,0.018855,0.059868
2,0.041009,0.018882,0.059892
