processes,kosaraju_time,comm_time,elapsed
1,0.076829,0.000000,0.076829
1,0.077469,0.000000,0.077469
