processes,kosaraju_time,comm_time,elapsed
2,0.041068,0.017744,0.058812
2,0.041121,0.017797,0.058918
