processes,kosaraju_time,comm_time,elapsed
1,0.077056,0.000000,0.077056
1,0.076739,0.000000,0.076739
