processes,kosaraju_time,comm_time,elapsed
2,0.041017,0.018080,0.059097
2,0.041071,0.018109,0.059180
