processes,kosaraju_time,comm_time,elapsed
1,0.002279,0.000000,0.002279
1,0.002292,0.000000,0.002292
1,0.002299,0.000000,0.002299
1,0.002274,0.000000,0.002274
1,0.002278,0.000000,0.002278
