processes,kosaraju_time,comm_time,elapsed
0,0.002135,0,0.002135
0,0.002131,0,0.002131
0,0.002108,0,0.002108
0,0.002183,0,0.002183
0,0.002172,0,0.002172
