processes,kosaraju_time,comm_time,elapsed
0,0.143278,0,0.143278
0,0.143171,0,0.143171
0,0.142938,0,0.142938
0,0.142819,0,0.142819
0,0.142895,0,0.142895
