processes,kosaraju_time,comm_time,elapsed
1,0.145214,0.000000,0.145214
1,0.145096,0.000000,0.145096
1,0.145060,0.000000,0.145060
1,0.145365,0.000000,0.145365
1,0.145154,0.000000,0.145154
