processes,kosaraju_time,comm_time,elapsed
4,0.137274,0.217881,0.355155
4,0.250780,0.450614,0.701394
