processes,kosaraju_time,comm_time,elapsed
2,0.233906,0.104089,0.337994
2,0.234573,0.098884,0.333457
