processes,kosaraju_time,comm_time,elapsed
1,0.466769,0.000000,0.466769
1,0.471173,0.000000,0.471173
