processes,kosaraju_time,comm_time,elapsed
1,0.468464,0.000000,0.468464
1,0.467411,0.000000,0.467411
