processes,kosaraju_time,comm_time,elapsed
2,0.235791,0.097448,0.333239
2,0.234015,0.096905,0.330920
