processes,kosaraju_time,comm_time,elapsed
1,0.467369,0.000000,0.467369
1,0.467920,0.000000,0.467920
