processes,kosaraju_time,comm_time,elapsed
4,0.251034,0.380003,0.631036
4,0.254290,0.443441,0.697731
