processes,kosaraju_time,comm_time,elapsed
4,0.137376,0.228458,0.365834
4,0.138854,0.214111,0.352965
