processes,kosaraju_time,comm_time,elapsed
2,0.435822,0.197974,0.633796
2,0.250355,0.097979,0.348333
