processes,kosaraju_time,comm_time,elapsed
4,0.138397,0.248574,0.386971
4,0.250474,0.493641,0.744115
