processes,kosaraju_time,comm_time,elapsed
1,0.467900,0.000000,0.467900
1,0.466840,0.000000,0.466840
