processes,kosaraju_time,comm_time,elapsed
2,0.234092,0.098676,0.332768
2,0.234790,0.098447,0.333237
