processes,tarjan_time,comm_time,elapsed
1,2.670543,0.000000,2.670543
1,2.659031,0.000000,2.659031
1,2.680546,0.000000,2.680546
1,2.675470,0.000000,2.675470
1,2.676216,0.000000,2.676216
