processes,tarjan_time,comm_time,elapsed
0,2.530921,0,2.530921
0,2.557420,0,2.557420
0,2.521029,0,2.521029
0,2.498291,0,2.498291
0,2.511698,0,2.511698
