processes,tarjan_time,comm_time,elapsed
1,2.685377,0.000000,2.685377
1,2.658437,0.000000,2.658437
1,2.675645,0.000000,2.675645
1,2.655339,0.000000,2.655339
1,2.660645,0.000000,2.660645
