processes,tarjan_time,comm_time,elapsed
0,0.227767,0,0.227767
0,0.227951,0,0.227951
0,0.227983,0,0.227983
0,0.227593,0,0.227593
0,0.228187,0,0.228187
