processes,kosaraju_time,comm_time,elapsed
0,0.047948,0,0.047948
0,0.047982,0,0.047982
0,0.048045,0,0.048045
0,0.047956,0,0.047956
0,0.048117,0,0.048117
