processes,kosaraju_time,comm_time,elapsed
0,0.238661,0,0.238661
0,0.239006,0,0.239006
0,0.238619,0,0.238619
0,0.238467,0,0.238467
0,0.238348,0,0.238348
