processes,tarjan_time,comm_time,elapsed
0,0.001370,0,0.001370
0,0.001364,0,0.001364
0,0.001365,0,0.001365
0,0.001364,0,0.001364
0,0.001369,0,0.001369
