processes,kosaraju_time,comm_time,elapsed
1,0.000201,0.000000,0.000201
1,0.000196,0.000000,0.000196
1,0.000188,0.000000,0.000188
1,0.000198,0.000000,0.000198
1,0.000184,0.000000,0.000184
