processes,kosaraju_time,comm_time,elapsed
0,0.000187,0,0.000187
0,0.000200,0,0.000200
0,0.000191,0,0.000191
0,0.000189,0,0.000189
0,0.000193,0,0.000193
