processes,kosaraju_time,comm_time,elapsed
1,32.346274,0.000000,32.346274
1,32.356898,0.000000,32.356898
1,32.250539,0.000000,32.250539
1,32.267937,0.000000,32.267937
1,32.141910,0.000000,32.141910
