processes,kosaraju_time,comm_time,elapsed
0,32.351092,0,32.351092
0,32.585698,0,32.585698
0,32.584573,0,32.584573
0,32.518559,0,32.518559
0,32.294112,0,32.294112
