processes,kosaraju_time,comm_time,elapsed
0,0.071073,0,0.071073
0,0.071649,0,0.071649
0,0.071222,0,0.071222
0,0.070778,0,0.070778
0,0.070785,0,0.070785
