processes,kosaraju_time,comm_time,elapsed
0,0.024697,0,0.024697
0,0.024496,0,0.024496
0,0.024495,0,0.024495
0,0.024971,0,0.024971
0,0.024568,0,0.024568
