processes,tarjan_time,comm_time,elapsed
1,0.011553,0.000000,0.011553
1,0.011559,0.000000,0.011559
1,0.011528,0.000000,0.011528
1,0.011560,0.000000,0.011560
1,0.011573,0.000000,0.011573
