processes,tarjan_time,comm_time,elapsed
0,0.012215,0,0.012215
0,0.012193,0,0.012193
0,0.012212,0,0.012212
0,0.012348,0,0.012348
0,0.012213,0,0.012213
