processes,tarjan_time,comm_time,elapsed
1,0.000084,0.000000,0.000084
1,0.000077,0.000000,0.000077
1,0.000082,0.000000,0.000082
1,0.000083,0.000000,0.000083
1,0.000084,0.000000,0.000084
