processes,tarjan_time,comm_time,elapsed
0,0.000084,0,0.000084
0,0.000085,0,0.000085
0,0.000084,0,0.000084
0,0.000082,0,0.000082
0,0.000085,0,0.000085
