processes,tarjan_time,comm_time,elapsed
0,0.427341,0,0.427341
0,0.426479,0,0.426479
0,0.426232,0,0.426232
0,0.426743,0,0.426743
0,0.426461,0,0.426461
