processes,kosaraju_time,comm_time,elapsed
4,0.000838,0.012025,0.012864
4,0.001654,0.022409,0.024063
