processes,kosaraju_time,comm_time,elapsed
2,0.001327,0.001493,0.002821
2,0.001329,0.001499,0.002829
