processes,kosaraju_time,comm_time,elapsed
1,0.002732,0.000000,0.002732
1,0.002613,0.000000,0.002613
