processes,kosaraju_time,comm_time,elapsed
2,0.001335,0.001936,0.003271
2,0.001326,0.001849,0.003176
