processes,kosaraju_time,comm_time,elapsed
2,0.001328,0.002521,0.003850
2,0.001333,0.002519,0.003852
