processes,kosaraju_time,comm_time,elapsed
4,0.001625,0.031044,0.032669
4,0.001629,0.013242,0.014871
