processes,kosaraju_time,comm_time,elapsed
2,0.001318,0.001232,0.002550
2,0.001324,0.001143,0.002467
