processes,kosaraju_time,comm_time,elapsed
1,0.002695,0.000000,0.002695
1,0.002607,0.000000,0.002607
