processes,kosaraju_time,comm_time,elapsed
4,0.001629,0.071283,0.072912
4,0.000837,0.045053,0.045890
