processes,kosaraju_time,comm_time,elapsed
1,0.002716,0.000000,0.002716
1,0.002606,0.000000,0.002606
