processes,kosaraju_time,comm_time,elapsed
1,0.002649,0.000000,0.002649
1,0.002629,0.000000,0.002629
