processes,kosaraju_time,comm_time,elapsed
4,0.000814,0.002741,0.003555
4,0.001624,0.004544,0.006167
