processes,tarjan_time,comm_time,elapsed
1,0.042439,0.000000,0.042439
1,0.042453,0.000000,0.042453
1,0.042382,0.000000,0.042382
1,0.042467,0.000000,0.042467
1,0.042391,0.000000,0.042391
