processes,tarjan_time,comm_time,elapsed
0,0.044438,0,0.044438
0,0.044295,0,0.044295
0,0.044288,0,0.044288
0,0.044543,0,0.044543
0,0.044250,0,0.044250
