processes,tarjan_time,comm_time,elapsed
1,0.006293,0.000000,0.006293
1,0.006180,0.000000,0.006180
1,0.006239,0.000000,0.006239
1,0.006217,0.000000,0.006217
1,0.006237,0.000000,0.006237
