processes,tarjan_time,comm_time,elapsed
0,0.005909,0,0.005909
0,0.005828,0,0.005828
0,0.005906,0,0.005906
0,0.005939,0,0.005939
0,0.005848,0,0.005848
