processes,kosaraju_time,comm_time,elapsed
1,0.125295,0.000000,0.125295
1,0.124626,0.000000,0.124626
