processes,kosaraju_time,comm_time,elapsed
1,0.246271,0.000000,0.246271
1,0.124439,0.000000,0.124439
