processes,kosaraju_time,comm_time,elapsed
1,0.245976,0.000000,0.245976
1,0.246662,0.000000,0.246662
