processes,kosaraju_time,comm_time,elapsed
4,0.055926,0.107958,0.163884
4,0.076791,0.196706,0.273496
