processes,kosaraju_time,comm_time,elapsed
1,0.125891,0.000000,0.125891
1,0.124363,0.000000,0.124363
