processes,kosaraju_time,comm_time,elapsed
4,0.076518,0.165417,0.241935
4,0.039147,0.082822,0.121969
