processes,kosaraju_time,comm_time,elapsed
4,0.076997,0.163412,0.240409
4,0.076498,0.159957,0.236454
