processes,kosaraju_time,comm_time,elapsed
2,0.063548,0.034893,0.098440
2,0.061955,0.034498,0.096453
