processes,kosaraju_time,comm_time,elapsed
2,0.063223,0.035452,0.098675
2,0.062671,0.035537,0.098208
