processes,kosaraju_time,comm_time,elapsed
2,0.063585,0.034953,0.098537
2,0.062423,0.035198,0.097621
