processes,kosaraju_time,comm_time,elapsed
2,0.123577,0.072395,0.195972
2,0.123535,0.072341,0.195877
