processes,kosaraju_time,comm_time,elapsed
4,0.076337,0.189208,0.265545
4,0.076245,0.194204,0.270449
