processes,tarjan_time,comm_time,elapsed
1,0.247394,0.000000,0.247394
1,0.247040,0.000000,0.247040
1,0.246931,0.000000,0.246931
1,0.247021,0.000000,0.247021
1,0.246842,0.000000,0.246842
