processes,tarjan_time,comm_time,elapsed
0,0.259910,0,0.259910
0,0.259376,0,0.259376
0,0.260134,0,0.260134
0,0.260259,0,0.260259
0,0.260742,0,0.260742
