processes,tarjan_time,comm_time,elapsed
1,0.055744,0.000000,0.055744
1,0.055763,0.000000,0.055763
