processes,tarjan_time,comm_time,elapsed
1,0.056573,0.000000,0.056573
1,0.055751,0.000000,0.055751
