processes,tarjan_time,comm_time,elapsed
4,0.011736,0.111983,0.123719
4,0.011784,0.112961,0.124745
