processes,tarjan_time,comm_time,elapsed
2,0.022350,0.043592,0.065942
2,0.022355,0.043602,0.065957
