processes,tarjan_time,comm_time,elapsed
4,0.011768,0.134418,0.146186
4,0.011777,0.136187,0.147964
