processes,tarjan_time,comm_time,elapsed
1,0.055760,0.000000,0.055760
1,0.056122,0.000000,0.056122
