processes,tarjan_time,comm_time,elapsed
2,0.022395,0.043882,0.066276
2,0.022371,0.043798,0.066169
