processes,tarjan_time,comm_time,elapsed
4,0.023534,0.196784,0.220319
4,0.023364,0.219508,0.242871
