processes,tarjan_time,comm_time,elapsed
2,0.022366,0.044336,0.066702
2,0.022379,0.044177,0.066556
