processes,tarjan_time,comm_time,elapsed
1,0.055857,0.000000,0.055857
1,0.055815,0.000000,0.055815
