processes,kosaraju_time,comm_time,elapsed
4,0.002452,0.007271,0.009724
4,0.002592,0.022347,0.024940
