processes,kosaraju_time,comm_time,elapsed
1,0.003385,0.000000,0.003385
1,0.002535,0.000000,0.002535
