processes,kosaraju_time,comm_time,elapsed
1,0.002497,0.000000,0.002497
1,0.002495,0.000000,0.002495
