processes,kosaraju_time,comm_time,elapsed
4,0.002437,0.014945,0.017382
4,0.002494,0.031471,0.033965
