processes,kosaraju_time,comm_time,elapsed
4,0.002441,0.066598,0.069039
4,0.001359,0.037130,0.038488
