processes,kosaraju_time,comm_time,elapsed
2,0.001520,0.001296,0.002817
2,0.001517,0.001227,0.002744
