processes,kosaraju_time,comm_time,elapsed
1,0.002538,0.000000,0.002538
1,0.002538,0.000000,0.002538
