processes,kosaraju_time,comm_time,elapsed
2,0.001547,0.002476,0.004022
2,0.001528,0.002450,0.003979
