processes,kosaraju_time,comm_time,elapsed
4,0.001206,0.001580,0.002786
4,0.002411,0.003374,0.005785
