processes,kosaraju_time,comm_time,elapsed
2,0.001517,0.000890,0.002407
2,0.001523,0.000895,0.002418
