processes,kosaraju_time,comm_time,elapsed
2,0.001524,0.001719,0.003243
2,0.001530,0.001819,0.003349
