processes,kosaraju_time,comm_time,elapsed
1,10.272043,0.000000,10.272043
1,10.262058,0.000000,10.262058
