processes,kosaraju_time,comm_time,elapsed
1,10.242480,0.000000,10.242480
1,10.255437,0.000000,10.255437
