processes,kosaraju_time,comm_time,elapsed
4,3.407654,2.726285,6.133939
4,3.418271,2.634353,6.052624
