processes,kosaraju_time,comm_time,elapsed
4,3.418060,2.907525,6.325585
4,3.420799,2.941408,6.362207
