processes,kosaraju_time,comm_time,elapsed
2,5.478264,1.137377,6.615642
2,5.478694,1.147853,6.626547
