processes,kosaraju_time,comm_time,elapsed
1,10.244250,0.000000,10.244250
1,10.251408,0.000000,10.251408
