processes,kosaraju_time,comm_time,elapsed
2,5.473988,1.136127,6.610115
2,5.481203,1.134759,6.615962
