processes,kosaraju_time,comm_time,elapsed
0,10.228600,0,10.228600
0,10.160627,0,10.160627
