processes,kosaraju_time,comm_time,elapsed
2,5.485810,1.145349,6.631159
2,5.478818,1.150618,6.629436
