processes,kosaraju_time,comm_time,elapsed
4,3.418401,2.638610,6.057010
4,3.437939,2.861344,6.299282
