processes,kosaraju_time,comm_time,elapsed
4,3.426218,3.695898,7.122116
4,3.418081,3.694724,7.112805
