processes,kosaraju_time,comm_time,elapsed
2,5.473790,1.144942,6.618732
2,5.471155,1.147310,6.618464
