processes,kosaraju_time,comm_time,elapsed
1,10.257744,0.000000,10.257744
1,10.259640,0.000000,10.259640
