processes,tarjan_time,comm_time,elapsed
0,0.004003,0,0.004003
0,0.004021,0,0.004021
0,0.004039,0,0.004039
0,0.004024,0,0.004024
0,0.004031,0,0.004031
