processes,tarjan_time,comm_time,elapsed
0,0.028332,0,0.028332
0,0.028221,0,0.028221
0,0.028070,0,0.028070
0,0.028126,0,0.028126
0,0.028386,0,0.028386
