processes,tarjan_time,comm_time,elapsed
0,0.093259,0,0.093259
0,0.093450,0,0.093450
0,0.093266,0,0.093266
0,0.093375,0,0.093375
0,0.093459,0,0.093459
