processes,kosaraju_time,comm_time,elapsed
2,0.001350,0.001533,0.002883
2,0.001347,0.001520,0.002867
