processes,kosaraju_time,comm_time,elapsed
4,0.000925,0.011758,0.012683
4,0.001672,0.005540,0.007212
