processes,kosaraju_time,comm_time,elapsed
1,0.002780,0.000000,0.002780
1,0.002714,0.000000,0.002714
