processes,kosaraju_time,comm_time,elapsed
4,0.001678,0.030790,0.032468
4,0.001678,0.019267,0.020945
