processes,kosaraju_time,comm_time,elapsed
2,0.001395,0.001145,0.002540
2,0.001363,0.001166,0.002529
