processes,kosaraju_time,comm_time,elapsed
2,0.001394,0.001871,0.003264
2,0.001349,0.001903,0.003252
