processes,kosaraju_time,comm_time,elapsed
1,0.005427,0.000000,0.005427
1,0.002740,0.000000,0.002740
