processes,kosaraju_time,comm_time,elapsed
4,0.000839,0.002609,0.003448
4,0.001936,0.005502,0.007438
