processes,kosaraju_time,comm_time,elapsed
1,0.005550,0.000000,0.005550
1,0.005450,0.000000,0.005450
