processes,kosaraju_time,comm_time,elapsed
4,0.000929,0.036460,0.037389
4,0.001799,0.065589,0.067388
