processes,kosaraju_time,comm_time,elapsed
2,0.001353,0.002590,0.003943
2,0.001352,0.002555,0.003906
