processes,kosaraju_time,comm_time,elapsed
1,0.002796,0.000000,0.002796
1,0.002738,0.000000,0.002738
