processes,tarjan_time,comm_time,elapsed
0,0.048727,0,0.048727
0,0.048876,0,0.048876
0,0.049103,0,0.049103
0,0.048564,0,0.048564
0,0.048881,0,0.048881
