processes,tarjan_time,comm_time,elapsed
1,0.046551,0.000000,0.046551
1,0.046491,0.000000,0.046491
1,0.046549,0.000000,0.046549
1,0.046295,0.000000,0.046295
1,0.046310,0.000000,0.046310
