processes,tarjan_time,comm_time,elapsed
2,0.029452,0.095651,0.125103
2,0.029388,0.095644,0.125032
