processes,tarjan_time,comm_time,elapsed
1,0.087432,0.000000,0.087432
1,0.087202,0.000000,0.087202
