processes,tarjan_time,comm_time,elapsed
4,0.015191,0.198817,0.214007
4,0.030254,0.409628,0.439882
