processes,tarjan_time,comm_time,elapsed
1,0.087372,0.000000,0.087372
1,0.087184,0.000000,0.087184
