processes,tarjan_time,comm_time,elapsed
2,0.029670,0.096821,0.126490
2,0.029497,0.096954,0.126451
