processes,tarjan_time,comm_time,elapsed
2,0.029440,0.102566,0.132005
2,0.029492,0.096330,0.125822
