processes,tarjan_time,comm_time,elapsed
4,0.015122,0.241548,0.256670
4,0.030259,0.481589,0.511848
