processes,tarjan_time,comm_time,elapsed
2,0.029430,0.094918,0.124347
2,0.029372,0.095122,0.124494
