processes,tarjan_time,comm_time,elapsed
4,0.015242,0.197332,0.212573
4,0.030108,0.440019,0.470126
