processes,tarjan_time,comm_time,elapsed
1,0.087244,0.000000,0.087244
1,0.087165,0.000000,0.087165
