processes,tarjan_time,comm_time,elapsed
1,0.087200,0.000000,0.087200
1,0.087280,0.000000,0.087280
