processes,kosaraju_time,comm_time,elapsed
0,0.005454,0,0.005454
0,0.005430,0,0.005430
0,0.005429,0,0.005429
0,0.005426,0,0.005426
0,0.005505,0,0.005505
