processes,kosaraju_time,comm_time,elapsed
1,0.005761,0.000000,0.005761
1,0.005747,0.000000,0.005747
1,0.005753,0.000000,0.005753
1,0.005755,0.000000,0.005755
1,0.005736,0.000000,0.005736
