processes,kosaraju_time,comm_time,elapsed
4,0.000990,0.030624,0.031613
4,0.000985,0.032685,0.033671
