processes,kosaraju_time,comm_time,elapsed
2,0.000852,0.002637,0.003489
2,0.000641,0.002099,0.002740
