processes,kosaraju_time,comm_time,elapsed
2,0.000643,0.001158,0.001801
2,0.000638,0.001181,0.001819
