processes,kosaraju_time,comm_time,elapsed
4,0.000645,0.001015,0.001660
4,0.000970,0.001880,0.002850
