processes,kosaraju_time,comm_time,elapsed
1,0.001024,0.000000,0.001024
1,0.001020,0.000000,0.001020
