processes,kosaraju_time,comm_time,elapsed
4,0.000559,0.002229,0.002789
4,0.000989,0.008347,0.009336
