processes,kosaraju_time,comm_time,elapsed
1,0.001410,0.000000,0.001410
1,0.001035,0.000000,0.001035
