processes,kosaraju_time,comm_time,elapsed
2,0.000644,0.000493,0.001137
2,0.000643,0.000492,0.001135
