processes,kosaraju_time,comm_time,elapsed
1,0.001037,0.000000,0.001037
1,0.001023,0.000000,0.001023
