processes,kosaraju_time,comm_time,elapsed
4,0.001082,0.061585,0.062667
4,0.000991,0.062032,0.063023
