processes,kosaraju_time,comm_time,elapsed
1,0.001021,0.000000,0.001021
1,0.001022,0.000000,0.001022
