processes,kosaraju_time,comm_time,elapsed
2,0.000644,0.000844,0.001487
2,0.000647,0.000845,0.001491
