processes,tarjan_time,comm_time,elapsed
4,0.000365,0.044086,0.044451
4,0.000364,0.064266,0.064630
