processes,tarjan_time,comm_time,elapsed
4,0.000380,0.011532,0.011912
4,0.000188,0.002816,0.003005
