processes,tarjan_time,comm_time,elapsed
1,0.000709,0.000000,0.000709
1,0.000708,0.000000,0.000708
