processes,tarjan_time,comm_time,elapsed
1,0.000712,0.000000,0.000712
1,0.000711,0.000000,0.000711
