processes,tarjan_time,comm_time,elapsed
2,0.000575,0.004771,0.005345
2,0.000577,0.004780,0.005357
