processes,tarjan_time,comm_time,elapsed
2,0.000290,0.001463,0.001753
2,0.000283,0.001578,0.001861
