processes,tarjan_time,comm_time,elapsed
2,0.000292,0.001163,0.001455
2,0.000290,0.001146,0.001436
