processes,tarjan_time,comm_time,elapsed
4,0.000373,0.004470,0.004843
4,0.000362,0.004898,0.005260
