processes,tarjan_time,comm_time,elapsed
1,0.001499,0.000000,0.001499
1,0.001413,0.000000,0.001413
