processes,tarjan_time,comm_time,elapsed
4,0.000204,0.002375,0.002579
4,0.000393,0.027469,0.027862
