processes,kosaraju_time,comm_time,elapsed
1,1.170690,0.000000,1.170690
1,1.174340,0.000000,1.174340
