processes,kosaraju_time,comm_time,elapsed
2,0.606666,0.177681,0.784347
2,0.607159,0.177706,0.784865
