processes,kosaraju_time,comm_time,elapsed
1,1.173171,0.000000,1.173171
1,1.168836,0.000000,1.168836
