processes,kosaraju_time,comm_time,elapsed
4,0.731613,0.757466,1.489079
4,0.378703,0.373573,0.752276
