processes,kosaraju_time,comm_time,elapsed
4,0.369049,0.430717,0.799766
4,0.369485,0.411306,0.780790
