processes,kosaraju_time,comm_time,elapsed
2,0.607281,0.177126,0.784407
2,0.606104,0.177815,0.783919
