processes,kosaraju_time,comm_time,elapsed
1,1.170927,0.000000,1.170927
1,1.173337,0.000000,1.173337
