processes,kosaraju_time,comm_time,elapsed
2,0.606711,0.178332,0.785043
2,0.607420,0.178237,0.785656
