processes,kosaraju_time,comm_time,elapsed
4,0.382039,0.422043,0.804082
4,0.379985,0.425270,0.805254
