processes,kosaraju_time,comm_time,elapsed
2,0.607202,0.176654,0.783856
2,0.607419,0.176355,0.783773
