processes,kosaraju_time,comm_time,elapsed
1,1.172429,0.000000,1.172429
1,1.169848,0.000000,1.169848
