processes,kosaraju_time,comm_time,elapsed
4,0.373477,0.487300,0.860776
4,0.731095,0.974956,1.706051
