processes,kosaraju_time,comm_time,elapsed
1,9.635006,0.000000,9.635006
1,9.623680,0.000000,9.623680
