processes,kosaraju_time,comm_time,elapsed
4,4.271065,2.938103,7.209167
4,4.238536,2.662978,6.901515
