processes,kosaraju_time,comm_time,elapsed
1,9.637763,0.000000,9.637763
1,9.688878,0.000000,9.688878
