processes,kosaraju_time,comm_time,elapsed
1,9.645060,0.000000,9.645060
1,9.657594,0.000000,9.657594
