processes,kosaraju_time,comm_time,elapsed
2,5.431591,1.088914,6.520505
2,5.380011,1.050823,6.430834
