processes,kosaraju_time,comm_time,elapsed
1,9.681136,0.000000,9.681136
1,9.632762,0.000000,9.632762
