processes,kosaraju_time,comm_time,elapsed
4,3.880469,2.751473,6.631943
4,4.313201,3.166055,7.479256
