processes,kosaraju_time,comm_time,elapsed
4,4.581288,3.101333,7.682621
4,4.144434,2.787131,6.931564
