processes,kosaraju_time,comm_time,elapsed
2,5.391902,1.051497,6.443399
2,5.361002,1.050737,6.411739
