processes,kosaraju_time,comm_time,elapsed
2,5.376037,1.044229,6.420266
2,5.384600,1.043549,6.428149
