processes,kosaraju_time,comm_time,elapsed
2,5.357391,1.050952,6.408343
2,5.381066,1.048493,6.429559
