processes,kosaraju_time,comm_time,elapsed
4,4.101125,3.625509,7.726633
4,4.146703,3.600104,7.746807
