processes,tarjan_time,comm_time,elapsed
1,0.000431,0.000000,0.000431
1,0.000326,0.000000,0.000326
