processes,tarjan_time,comm_time,elapsed
2,0.000186,0.001061,0.001246
2,0.000194,0.001033,0.001227
