processes,tarjan_time,comm_time,elapsed
4,0.000200,0.001084,0.001284
4,0.000297,0.002069,0.002366
