processes,tarjan_time,comm_time,elapsed
4,0.000304,0.021005,0.021309
4,0.000342,0.005427,0.005769
