processes,tarjan_time,comm_time,elapsed
4,0.000306,0.044300,0.044606
4,0.000157,0.043465,0.043622
