processes,tarjan_time,comm_time,elapsed
1,0.000324,0.000000,0.000324
1,0.000402,0.000000,0.000402
