processes,tarjan_time,comm_time,elapsed
2,0.000190,0.002277,0.002467
2,0.000189,0.002137,0.002326
