processes,tarjan_time,comm_time,elapsed
1,0.000325,0.000000,0.000325
1,0.000323,0.000000,0.000323
