processes,tarjan_time,comm_time,elapsed
2,0.000183,0.000577,0.000761
2,0.000189,0.000560,0.000749
