processes,kosaraju_time,comm_time,elapsed
2,0.013885,0.008931,0.022816
2,0.013980,0.009039,0.023019
