processes,kosaraju_time,comm_time,elapsed
2,0.027563,0.018795,0.046358
2,0.027559,0.018876,0.046435
