processes,kosaraju_time,comm_time,elapsed
4,0.009027,0.013830,0.022857
4,0.018040,0.051585,0.069625
