processes,kosaraju_time,comm_time,elapsed
1,0.027695,0.000000,0.027695
1,0.027330,0.000000,0.027330
