processes,kosaraju_time,comm_time,elapsed
4,0.018228,0.092904,0.111132
4,0.018061,0.071165,0.089226
