processes,kosaraju_time,comm_time,elapsed
4,0.018213,0.042147,0.060360
4,0.018260,0.042192,0.060452
