processes,kosaraju_time,comm_time,elapsed
1,0.027411,0.000000,0.027411
1,0.027432,0.000000,0.027432
