processes,kosaraju_time,comm_time,elapsed
1,0.055079,0.000000,0.055079
1,0.027254,0.000000,0.027254
