processes,kosaraju_time,comm_time,elapsed
4,0.018173,0.066883,0.085056
4,0.018510,0.066960,0.085470
