processes,kosaraju_time,comm_time,elapsed
2,0.027636,0.019618,0.047254
2,0.027595,0.019428,0.047023
