processes,kosaraju_time,comm_time,elapsed
2,0.013806,0.010761,0.024567
2,0.013913,0.010709,0.024621
