processes,kosaraju_time,comm_time,elapsed
1,0.055472,0.000000,0.055472
1,0.054876,0.000000,0.054876
