processes,kosaraju_time,comm_time,elapsed
0,47.033092,0,47.033092
0,47.212400,0,47.212400
0,47.285666,0,47.285666
0,47.108394,0,47.108394
0,47.052535,0,47.052535
