processes,kosaraju_time,comm_time,elapsed
1,48.819723,0.000000,48.819723
1,48.464688,0.000000,48.464688
1,48.342237,0.000000,48.342237
1,48.704261,0.000000,48.704261
1,48.634670,0.000000,48.634670
