processes,kosaraju_time,comm_time,elapsed
1,48.412166,0.000000,48.412166
1,48.635347,0.000000,48.635347
1,48.480732,0.000000,48.480732
1,48.635540,0.000000,48.635540
1,48.506040,0.000000,48.506040
