processes,kosaraju_time,comm_time,elapsed
4,0.484699,0.699437,1.184136
4,0.279106,0.348615,0.627721
