processes,kosaraju_time,comm_time,elapsed
4,0.483593,0.658072,1.141666
4,0.475221,0.604675,1.079896
