processes,kosaraju_time,comm_time,elapsed
2,0.453039,0.155600,0.608640
2,0.454679,0.155344,0.610023
