processes,kosaraju_time,comm_time,elapsed
1,0.890885,0.000000,0.890885
1,0.897638,0.000000,0.897638
