processes,kosaraju_time,comm_time,elapsed
2,0.449236,0.156625,0.605861
2,0.453684,0.156800,0.610484
