processes,kosaraju_time,comm_time,elapsed
1,0.888186,0.000000,0.888186
1,0.890484,0.000000,0.890484
