processes,kosaraju_time,comm_time,elapsed
1,0.891914,0.000000,0.891914
1,0.892809,0.000000,0.892809
