processes,kosaraju_time,comm_time,elapsed
1,0.888195,0.000000,0.888195
1,0.887720,0.000000,0.887720
