processes,kosaraju_time,comm_time,elapsed
2,0.455991,0.156757,0.612748
2,0.451984,0.157029,0.609013
