processes,kosaraju_time,comm_time,elapsed
4,0.476461,0.675247,1.151708
4,0.479327,0.738460,1.217786
