processes,kosaraju_time,comm_time,elapsed
2,0.452947,0.158088,0.611035
2,0.455161,0.157865,0.613026
