processes,kosaraju_time,comm_time,elapsed
4,0.281797,0.417003,0.698800
4,0.475225,0.821408,1.296633
