processes,kosaraju_time,comm_time,elapsed
2,2.809228,0.698682,3.507910
2,2.814278,0.652471,3.466749
