processes,kosaraju_time,comm_time,elapsed
1,5.216646,0.000000,5.216646
1,5.221981,0.000000,5.221981
