processes,kosaraju_time,comm_time,elapsed
2,2.806402,0.646739,3.453141
2,2.800547,0.649988,3.450535
