processes,kosaraju_time,comm_time,elapsed
2,2.814749,0.650934,3.465684
2,2.813242,0.692071,3.505313
