processes,kosaraju_time,comm_time,elapsed
1,5.209415,0.000000,5.209415
1,5.219519,0.000000,5.219519
