processes,kosaraju_time,comm_time,elapsed
4,1.889614,2.007080,3.896694
4,2.240189,2.018384,4.258572
