processes,kosaraju_time,comm_time,elapsed
4,2.192016,1.433539,3.625555
4,2.399437,1.609384,4.008821
