processes,kosaraju_time,comm_time,elapsed
4,1.896217,1.514571,3.410788
4,2.330764,1.558482,3.889247
