processes,kosaraju_time,comm_time,elapsed
4,2.240356,1.561616,3.801972
4,2.799297,1.797283,4.596579
