processes,kosaraju_time,comm_time,elapsed
1,5.202862,0.000000,5.202862
1,5.211364,0.000000,5.211364
