processes,kosaraju_time,comm_time,elapsed
2,2.800724,0.653700,3.454425
2,2.829065,0.651444,3.480509
