processes,kosaraju_time,comm_time,elapsed
1,5.210263,0.000000,5.210263
1,5.222135,0.000000,5.222135
