processes,kosaraju_time,comm_time,elapsed
0,0.960643,0,0.960643
0,0.962042,0,0.962042
0,0.960672,0,0.960672
0,0.963208,0,0.963208
0,0.963249,0,0.963249
