processes,kosaraju_time,comm_time,elapsed
0,0.002179,0,0.002179
0,0.002087,0,0.002087
0,0.002159,0,0.002159
0,0.002173,0,0.002173
0,0.002164,0,0.002164
