processes,kosaraju_time,comm_time,elapsed
2,0.636800,0.215417,0.852217
2,0.638449,0.235415,0.873864
