processes,kosaraju_time,comm_time,elapsed
4,0.688859,0.887198,1.576058
4,0.399492,0.483038,0.882530
