processes,kosaraju_time,comm_time,elapsed
1,1.257494,0.000000,1.257494
1,1.259095,0.000000,1.259095
