processes,kosaraju_time,comm_time,elapsed
2,0.636769,0.220668,0.857437
2,0.637166,0.224458,0.861624
