processes,kosaraju_time,comm_time,elapsed
2,0.634843,0.222778,0.857621
2,0.636752,0.222612,0.859364
