processes,kosaraju_time,comm_time,elapsed
1,1.256858,0.000000,1.256858
1,1.255219,0.000000,1.255219
