processes,kosaraju_time,comm_time,elapsed
2,0.638527,0.223370,0.861897
2,0.632556,0.223256,0.855812
