processes,kosaraju_time,comm_time,elapsed
4,0.725685,0.978786,1.704471
4,0.700903,0.933398,1.634301
