processes,kosaraju_time,comm_time,elapsed
1,1.258574,0.000000,1.258574
1,1.258365,0.000000,1.258365
