processes,kosaraju_time,comm_time,elapsed
4,0.712471,0.857543,1.570014
4,0.699228,0.922908,1.622136
