processes,kosaraju_time,comm_time,elapsed
1,1.259140,0.000000,1.259140
1,1.779425,0.000000,1.779425
