processes,kosaraju_time,comm_time,elapsed
4,0.698036,1.029998,1.728034
4,0.696886,1.020405,1.717291
