processes,tarjan_time,comm_time,elapsed
1,0.003995,0.000000,0.003995
1,0.003908,0.000000,0.003908
