processes,tarjan_time,comm_time,elapsed
1,0.002022,0.000000,0.002022
1,0.001958,0.000000,0.001958
