processes,tarjan_time,comm_time,elapsed
1,0.001997,0.000000,0.001997
1,0.001957,0.000000,0.001957
