processes,tarjan_time,comm_time,elapsed
2,0.001046,0.003096,0.004142
2,0.000782,0.002404,0.003187
