processes,tarjan_time,comm_time,elapsed
2,0.000788,0.003387,0.004175
2,0.000791,0.003433,0.004225
