processes,tarjan_time,comm_time,elapsed
1,0.002001,0.000000,0.002001
1,0.001959,0.000000,0.001959
