processes,tarjan_time,comm_time,elapsed
4,0.000909,0.014797,0.015706
4,0.000936,0.007859,0.008795
