processes,tarjan_time,comm_time,elapsed
2,0.000787,0.001992,0.002780
2,0.000782,0.001980,0.002762
