processes,tarjan_time,comm_time,elapsed
2,0.000786,0.002685,0.003471
2,0.000790,0.002712,0.003502
