processes,tarjan_time,comm_time,elapsed
4,0.000454,0.004057,0.004510
4,0.000908,0.008712,0.009619
