processes,kosaraju_time,comm_time,elapsed
2,0.638992,0.218711,0.857703
2,0.642254,0.218976,0.861230
