processes,kosaraju_time,comm_time,elapsed
4,0.711038,0.804565,1.515603
4,0.729839,0.775524,1.505363
