processes,kosaraju_time,comm_time,elapsed
2,0.639436,0.219702,0.859138
2,1.117483,0.234077,1.351560
