processes,kosaraju_time,comm_time,elapsed
1,1.871293,0.000000,1.871293
1,1.833078,0.000000,1.833078
