processes,kosaraju_time,comm_time,elapsed
4,0.420518,0.429542,0.850060
4,0.705636,0.918306,1.623943
