processes,kosaraju_time,comm_time,elapsed
1,1.262545,0.000000,1.262545
1,1.267679,0.000000,1.267679
