processes,kosaraju_time,comm_time,elapsed
2,0.641406,0.219932,0.861338
2,0.642247,0.228748,0.870995
