processes,kosaraju_time,comm_time,elapsed
4,0.695401,1.074653,1.770055
4,0.694474,0.997297,1.691771
