processes,kosaraju_time,comm_time,elapsed
2,0.639681,0.217722,0.857402
2,0.638168,0.217964,0.856133
