processes,kosaraju_time,comm_time,elapsed
4,0.726241,0.752608,1.478849
4,0.700638,0.818695,1.519334
