processes,kosaraju_time,comm_time,elapsed
1,1.269015,0.000000,1.269015
1,1.264293,0.000000,1.264293
