processes,kosaraju_time,comm_time,elapsed
1,1.267310,0.000000,1.267310
1,1.264690,0.000000,1.264690
